County,State,FIPS,Apr11_Cases,Apr11_Deaths
Autauga,Alabama,1001,19,1
Baldwin,Alabama,1003,66,1
Barbour,Alabama,1005,10,0
Bibb,Alabama,1007,13,0
Blount,Alabama,1009,12,0
Bullock,Alabama,1011,4,0
Butler,Alabama,1013,6,0
Calhoun,Alabama,1015,57,0
Chambers,Alabama,1017,184,8
Cherokee,Alabama,1019,7,0
Chilton,Alabama,1021,30,0
Choctaw,Alabama,1023,9,0
Clarke,Alabama,1025,15,0
Clay,Alabama,1027,12,0
Cleburne,Alabama,1029,12,0
Coffee,Alabama,1031,20,0
Colbert,Alabama,1033,8,1
Conecuh,Alabama,1035,3,0
Coosa,Alabama,1037,11,0
Covington,Alabama,1039,11,0
Crenshaw,Alabama,1041,2,0
Cullman,Alabama,1043,31,1
Dale,Alabama,1045,6,0
Dallas,Alabama,1047,10,0
DeKalb,Alabama,1049,21,0
Elmore,Alabama,1051,30,0
Escambia,Alabama,1053,8,0
Etowah,Alabama,1055,74,7
Fayette,Alabama,1057,3,0
Franklin,Alabama,1059,8,0
Greene,Alabama,1063,14,0
Hale,Alabama,1065,11,0
Henry,Alabama,1067,10,0
Houston,Alabama,1069,37,1
Jackson,Alabama,1071,22,2
Jefferson,Alabama,1073,579,15
Lamar,Alabama,1075,7,0
Lauderdale,Alabama,1077,21,4
Lawrence,Alabama,1079,8,0
Lee,Alabama,1081,221,8
Limestone,Alabama,1083,36,0
Lowndes,Alabama,1085,14,0
Macon,Alabama,1087,12,1
Madison,Alabama,1089,186,3
Marengo,Alabama,1091,19,1
Marion,Alabama,1093,42,3
Marshall,Alabama,1095,84,2
Mobile,Alabama,1097,429,15
Monroe,Alabama,1099,6,1
Montgomery,Alabama,1101,106,4
Morgan,Alabama,1103,37,0
Perry,Alabama,1105,4,0
Pickens,Alabama,1107,21,0
Pike,Alabama,1109,18,0
Randolph,Alabama,1111,27,4
Russell,Alabama,1113,22,0
St. Clair,Alabama,1115,39,0
Shelby,Alabama,1117,196,5
Sumter,Alabama,1119,19,0
Talladega,Alabama,1121,32,0
Tallapoosa,Alabama,1123,62,4
Tuscaloosa,Alabama,1125,100,0
Walker,Alabama,1127,78,0
Washington,Alabama,1129,12,1
Wilcox,Alabama,1131,25,0
Winston,Alabama,1133,4,0
Apache,Arizona,4001,66,3
Cochise,Arizona,4003,13,0
Coconino,Arizona,4005,238,15
Gila,Arizona,4007,3,0
Graham,Arizona,4009,2,0
Greenlee,Arizona,4011,2,0
La Paz,Arizona,4012,4,0
Maricopa,Arizona,4013,1891,47
Mohave,Arizona,4015,30,2
Navajo,Arizona,4017,321,7
Pima,Arizona,4019,591,29
Pinal,Arizona,4021,146,3
Santa Cruz,Arizona,4023,8,0
Yavapai,Arizona,4025,63,1
Yuma,Arizona,4027,15,0
Arkansas,Arkansas,5001,2,0
Ashley,Arkansas,5003,10,0
Baxter,Arkansas,5005,4,0
Benton,Arkansas,5007,47,0
Boone,Arkansas,5009,3,0
Bradley,Arkansas,5011,6,0
Carroll,Arkansas,5015,2,0
Chicot,Arkansas,5017,5,0
Clark,Arkansas,5019,27,0
Clay,Arkansas,5021,1,0
Cleburne,Arkansas,5023,69,4
Cleveland,Arkansas,5025,8,0
Columbia,Arkansas,5027,3,0
Conway,Arkansas,5029,4,1
Craighead,Arkansas,5031,31,0
Crawford,Arkansas,5033,3,0
Crittenden,Arkansas,5035,89,2
Cross,Arkansas,5037,6,0
Dallas,Arkansas,5039,1,0
Desha,Arkansas,5041,6,0
Drew,Arkansas,5043,6,1
Faulkner,Arkansas,5045,57,1
Franklin,Arkansas,5047,1,0
Garland,Arkansas,5051,72,0
Grant,Arkansas,5053,9,0
Greene,Arkansas,5055,6,0
Hempstead,Arkansas,5057,4,1
Hot Spring,Arkansas,5059,8,0
Howard,Arkansas,5061,6,0
Independence,Arkansas,5063,5,0
Izard,Arkansas,5065,1,0
Jefferson,Arkansas,5069,91,2
Johnson,Arkansas,5071,13,0
Lafayette,Arkansas,5073,2,0
Lawrence,Arkansas,5075,10,1
Lee,Arkansas,5077,2,0
Lincoln,Arkansas,5079,10,0
Logan,Arkansas,5083,2,0
Lonoke,Arkansas,5085,27,0
Madison,Arkansas,5087,1,0
Marion,Arkansas,5089,1,0
Miller,Arkansas,5091,22,0
Mississippi,Arkansas,5093,7,0
Monroe,Arkansas,5095,1,0
Nevada,Arkansas,5099,1,0
Newton,Arkansas,5101,1,0
Ouachita,Arkansas,5103,5,0
Perry,Arkansas,5105,2,0
Phillips,Arkansas,5107,3,0
Pike,Arkansas,5109,2,0
Poinsett,Arkansas,5111,7,0
Polk,Arkansas,5113,6,0
Pope,Arkansas,5115,26,0
Prairie,Arkansas,5117,2,0
Pulaski,Arkansas,5119,249,9
Randolph,Arkansas,5121,8,0
St. Francis,Arkansas,5123,31,0
Saline,Arkansas,5125,32,1
Scott,Arkansas,5127,1,0
Searcy,Arkansas,5129,6,0
Sebastian,Arkansas,5131,10,0
Sevier,Arkansas,5133,6,0
Sharp,Arkansas,5135,2,0
Stone,Arkansas,5137,7,0
Union,Arkansas,5139,18,0
Van Buren,Arkansas,5141,26,2
Washington,Arkansas,5143,37,0
White,Arkansas,5145,28,0
Woodruff,Arkansas,5147,1,0
Yell,Arkansas,5149,1,0
Alameda,California,6001,827,21
Alpine,California,6003,2,0
Amador,California,6005,6,0
Butte,California,6007,14,0
Calaveras,California,6009,8,0
Colusa,California,6011,3,0
Contra Costa,California,6013,530,11
Del Norte,California,6015,2,0
El Dorado,California,6017,32,0
Fresno,California,6019,201,5
Glenn,California,6021,3,0
Humboldt,California,6023,50,0
Imperial,California,6025,87,2
Inyo,California,6027,12,0
Kern,California,6029,369,3
Kings,California,6031,10,1
Lake,California,6033,4,0
Los Angeles,California,6037,8873,265
Madera,California,6039,32,2
Marin,California,6041,153,10
Mendocino,California,6045,4,0
Merced,California,6047,64,3
Mono,California,6051,21,1
Monterey,California,6053,82,3
Napa,California,6055,35,2
Nevada,California,6057,34,1
Orange,California,6059,1221,18
Placer,California,6061,124,4
Plumas,California,6063,4,0
Riverside,California,6065,1431,41
Sacramento,California,6067,699,26
San Benito,California,6069,35,2
San Bernardino,California,6071,810,25
San Diego,California,6073,1761,45
San Francisco,California,6075,860,13
San Joaquin,California,6077,260,15
San Luis Obispo,California,6079,110,1
San Mateo,California,6081,652,21
Santa Barbara,California,6083,264,2
Santa Clara,California,6085,1566,52
Santa Cruz,California,6087,82,1
Shasta,California,6089,24,3
Siskiyou,California,6093,5,0
Solano,California,6095,126,2
Sonoma,California,6097,145,2
Stanislaus,California,6099,121,2
Sutter,California,6101,22,2
Tehama,California,6103,1,0
Tulare,California,6107,227,11
Tuolumne,California,6109,1,0
Ventura,California,6111,309,10
Yolo,California,6113,88,3
Yuba,California,6115,15,1
Adams,Colorado,8001,593,25
Alamosa,Colorado,8003,7,2
Arapahoe,Colorado,8005,998,37
Archuleta,Colorado,8007,6,0
Baca,Colorado,8009,10,0
Boulder,Colorado,8013,246,8
Broomfield,Colorado,8014,74,2
Chaffee,Colorado,8015,28,3
Clear Creek,Colorado,8019,11,0
Costilla,Colorado,8023,3,0
Crowley,Colorado,8025,2,1
Custer,Colorado,8027,2,0
Delta,Colorado,8029,6,1
Denver,Colorado,8031,1182,46
Douglas,Colorado,8035,292,10
Eagle,Colorado,8037,433,5
Elbert,Colorado,8039,14,1
El Paso,Colorado,8041,578,35
Fremont,Colorado,8043,6,0
Garfield,Colorado,8045,54,2
Gilpin,Colorado,8047,1,0
Grand,Colorado,8049,4,0
Gunnison,Colorado,8051,102,3
Hinsdale,Colorado,8053,1,0
Huerfano,Colorado,8055,1,0
Jefferson,Colorado,8059,713,25
Kit Carson,Colorado,8063,7,0
Lake,Colorado,8065,4,0
La Plata,Colorado,8067,43,0
Larimer,Colorado,8069,180,9
Las Animas,Colorado,8071,2,0
Lincoln,Colorado,8073,1,0
Logan,Colorado,8075,13,0
Mesa,Colorado,8077,34,0
Mineral,Colorado,8079,2,0
Moffat,Colorado,8081,3,0
Montezuma,Colorado,8083,11,2
Montrose,Colorado,8085,50,4
Morgan,Colorado,8087,56,0
Otero,Colorado,8089,5,0
Ouray,Colorado,8091,4,1
Park,Colorado,8093,6,0
Phillips,Colorado,8095,4,0
Pitkin,Colorado,8097,49,2
Prowers,Colorado,8099,1,0
Pueblo,Colorado,8101,53,3
Rio Blanco,Colorado,8103,1,0
Rio Grande,Colorado,8105,5,0
Routt,Colorado,8107,35,1
Saguache,Colorado,8109,3,0
San Miguel,Colorado,8113,12,0
Summit,Colorado,8117,68,0
Teller,Colorado,8119,12,2
Washington,Colorado,8121,2,0
Weld,Colorado,8123,683,44
Yuma,Colorado,8125,2,0
Fairfield,Connecticut,9001,5407,220
Hartford,Connecticut,9003,1832,101
Litchfield,Connecticut,9005,388,20
Middlesex,Connecticut,9007,290,18
New Haven,Connecticut,9009,2715,107
New London,Connecticut,9011,185,7
Tolland,Connecticut,9013,171,15
Windham,Connecticut,9015,66,1
Kent,Delaware,10001,255,4
New Castle,Delaware,10003,807,19
Sussex,Delaware,10005,404,10
District of Columbia,District of Columbia,11001,1778,47
Alachua,Florida,12001,174,0
Baker,Florida,12003,17,2
Bay,Florida,12005,36,1
Bradford,Florida,12007,24,0
Brevard,Florida,12009,123,3
Broward,Florida,12011,2844,76
Calhoun,Florida,12013,5,0
Charlotte,Florida,12015,112,5
Citrus,Florida,12017,67,6
Clay,Florida,12019,161,8
Collier,Florida,12021,352,4
Columbia,Florida,12023,25,0
DeSoto,Florida,12027,20,3
Dixie,Florida,12029,2,0
Duval,Florida,12031,639,13
Escambia,Florida,12033,210,3
Flagler,Florida,12035,46,1
Franklin,Florida,12037,2,0
Gadsden,Florida,12039,13,0
Gilchrist,Florida,12041,4,0
Glades,Florida,12043,4,1
Gulf,Florida,12045,1,0
Hamilton,Florida,12047,2,0
Hardee,Florida,12049,3,0
Hendry,Florida,12051,16,0
Hernando,Florida,12053,69,2
Highlands,Florida,12055,54,5
Hillsborough,Florida,12057,698,15
Holmes,Florida,12059,2,0
Indian River,Florida,12061,72,1
Jackson,Florida,12063,6,0
Jefferson,Florida,12065,9,0
Lafayette,Florida,12067,1,0
Lake,Florida,12069,150,4
Lee,Florida,12071,597,16
Leon,Florida,12073,112,0
Levy,Florida,12075,7,0
Liberty,Florida,12077,1,0
Madison,Florida,12079,14,0
Manatee,Florida,12081,221,13
Marion,Florida,12083,83,2
Martin,Florida,12085,117,3
Miami-Dade,Florida,12086,6757,93
Monroe,Florida,12087,59,3
Nassau,Florida,12089,33,0
Okaloosa,Florida,12091,90,1
Okeechobee,Florida,12093,5,0
Orange,Florida,12095,922,12
Osceola,Florida,12097,317,5
Palm Beach,Florida,12099,1499,80
Pasco,Florida,12101,150,2
Pinellas,Florida,12103,446,12
Polk,Florida,12105,244,8
Putnam,Florida,12107,34,1
St. Johns,Florida,12109,170,2
St. Lucie,Florida,12111,149,6
Santa Rosa,Florida,12113,106,3
Sarasota,Florida,12115,223,12
Seminole,Florida,12117,242,2
Sumter,Florida,12119,108,9
Suwannee,Florida,12121,67,0
Taylor,Florida,12123,1,0
Union,Florida,12125,2,0
Volusia,Florida,12127,195,7
Wakulla,Florida,12129,7,0
Walton,Florida,12131,30,0
Washington,Florida,12133,5,0
Appling,Georgia,13001,9,0
Atkinson,Georgia,13003,2,0
Bacon,Georgia,13005,14,0
Baker,Georgia,13007,13,2
Baldwin,Georgia,13009,47,1
Banks,Georgia,13011,7,0
Barrow,Georgia,13013,51,3
Bartow,Georgia,13015,211,15
Ben Hill,Georgia,13017,8,0
Berrien,Georgia,13019,6,0
Bibb,Georgia,13021,62,1
Bleckley,Georgia,13023,1,0
Brantley,Georgia,13025,7,1
Brooks,Georgia,13027,18,1
Bryan,Georgia,13029,28,1
Bulloch,Georgia,13031,16,1
Burke,Georgia,13033,28,1
Butts,Georgia,13035,28,0
Calhoun,Georgia,13037,41,2
Camden,Georgia,13039,20,0
Candler,Georgia,13043,4,0
Carroll,Georgia,13045,204,5
Catoosa,Georgia,13047,12,0
Charlton,Georgia,13049,2,0
Chatham,Georgia,13051,146,5
Chattahoochee,Georgia,13053,3,0
Chattooga,Georgia,13055,6,1
Cherokee,Georgia,13057,186,7
Clarke,Georgia,13059,82,11
Clay,Georgia,13061,15,1
Clayton,Georgia,13063,339,11
Clinch,Georgia,13065,3,0
Cobb,Georgia,13067,705,32
Coffee,Georgia,13069,53,2
Colquitt,Georgia,13071,84,5
Columbia,Georgia,13073,68,0
Cook,Georgia,13075,6,0
Coweta,Georgia,13077,101,2
Crawford,Georgia,13079,3,0
Crisp,Georgia,13081,67,0
Dade,Georgia,13083,2,1
Dawson,Georgia,13085,25,2
Decatur,Georgia,13087,28,0
DeKalb,Georgia,13089,848,14
Dodge,Georgia,13091,11,0
Dooly,Georgia,13093,40,1
Dougherty,Georgia,13095,1102,72
Douglas,Georgia,13097,151,5
Early,Georgia,13099,120,6
Echols,Georgia,13101,2,0
Effingham,Georgia,13103,20,1
Elbert,Georgia,13105,3,0
Emanuel,Georgia,13107,7,0
Fannin,Georgia,13111,9,0
Fayette,Georgia,13113,99,4
Floyd,Georgia,13115,107,5
Forsyth,Georgia,13117,128,5
Franklin,Georgia,13119,4,0
Fulton,Georgia,13121,1446,50
Gilmer,Georgia,13123,6,0
Glynn,Georgia,13127,33,0
Gordon,Georgia,13129,33,3
Grady,Georgia,13131,15,0
Greene,Georgia,13133,25,1
Gwinnett,Georgia,13135,681,18
Habersham,Georgia,13137,14,1
Hall,Georgia,13139,276,0
Hancock,Georgia,13141,3,0
Haralson,Georgia,13143,16,0
Harris,Georgia,13145,19,1
Hart,Georgia,13147,3,0
Heard,Georgia,13149,4,1
Henry,Georgia,13151,254,3
Houston,Georgia,13153,113,7
Irwin,Georgia,13155,11,0
Jackson,Georgia,13157,26,1
Jasper,Georgia,13159,6,0
Jeff Davis,Georgia,13161,1,0
Jefferson,Georgia,13163,6,1
Jenkins,Georgia,13165,9,1
Johnson,Georgia,13167,15,1
Jones,Georgia,13169,11,0
Lamar,Georgia,13171,15,0
Lanier,Georgia,13173,5,0
Laurens,Georgia,13175,31,1
Lee,Georgia,13177,236,15
Liberty,Georgia,13179,16,0
Lincoln,Georgia,13181,8,0
Long,Georgia,13183,1,0
Lowndes,Georgia,13185,59,2
Lumpkin,Georgia,13187,9,0
McDuffie,Georgia,13189,20,2
McIntosh,Georgia,13191,3,0
Macon,Georgia,13193,19,0
Madison,Georgia,13195,10,1
Marion,Georgia,13197,10,0
Meriwether,Georgia,13199,23,0
Miller,Georgia,13201,10,0
Mitchell,Georgia,13205,136,13
Monroe,Georgia,13207,12,1
Montgomery,Georgia,13209,2,0
Morgan,Georgia,13211,14,0
Murray,Georgia,13213,14,0
Muscogee,Georgia,13215,144,4
Newton,Georgia,13217,78,3
Oconee,Georgia,13219,36,0
Oglethorpe,Georgia,13221,12,1
Paulding,Georgia,13223,79,2
Peach,Georgia,13225,22,2
Pickens,Georgia,13227,11,2
Pierce,Georgia,13229,45,2
Pike,Georgia,13231,16,0
Polk,Georgia,13233,22,0
Pulaski,Georgia,13235,9,0
Putnam,Georgia,13237,5,0
Quitman,Georgia,13239,3,0
Rabun,Georgia,13241,6,0
Randolph,Georgia,13243,103,5
Richmond,Georgia,13245,138,3
Rockdale,Georgia,13247,92,2
Schley,Georgia,13249,12,1
Screven,Georgia,13251,5,0
Seminole,Georgia,13253,14,0
Spalding,Georgia,13255,69,4
Stephens,Georgia,13257,17,0
Stewart,Georgia,13259,6,0
Sumter,Georgia,13261,224,9
Talbot,Georgia,13263,9,1
Tattnall,Georgia,13267,3,0
Taylor,Georgia,13269,7,2
Telfair,Georgia,13271,9,0
Terrell,Georgia,13273,106,10
Thomas,Georgia,13275,76,3
Tift,Georgia,13277,59,1
Toombs,Georgia,13279,11,1
Towns,Georgia,13281,3,0
Treutlen,Georgia,13283,1,0
Troup,Georgia,13285,57,3
Turner,Georgia,13287,35,0
Twiggs,Georgia,13289,2,0
Union,Georgia,13291,7,1
Upson,Georgia,13293,51,1
Walker,Georgia,13295,6,0
Walton,Georgia,13297,38,2
Ware,Georgia,13299,50,4
Warren,Georgia,13301,6,0
Washington,Georgia,13303,21,0
Wayne,Georgia,13305,4,0
Webster,Georgia,13307,3,0
Wheeler,Georgia,13309,2,0
White,Georgia,13311,11,0
Whitfield,Georgia,13313,24,3
Wilcox,Georgia,13315,5,0
Wilkes,Georgia,13317,6,0
Wilkinson,Georgia,13319,10,1
Worth,Georgia,13321,80,4
Ada,Idaho,16001,517,6
Adams,Idaho,16003,1,0
Bannock,Idaho,16005,5,0
Bingham,Idaho,16011,2,0
Blaine,Idaho,16013,454,5
Bonner,Idaho,16017,4,0
Bonneville,Idaho,16019,12,0
Camas,Idaho,16025,1,0
Canyon,Idaho,16027,146,5
Caribou,Idaho,16029,1,0
Cassia,Idaho,16031,7,1
Custer,Idaho,16037,2,0
Elmore,Idaho,16039,16,0
Fremont,Idaho,16043,2,0
Gem,Idaho,16045,9,0
Gooding,Idaho,16047,5,0
Idaho,Idaho,16049,3,0
Jefferson,Idaho,16051,4,0
Jerome,Idaho,16053,29,2
Kootenai,Idaho,16055,44,0
Latah,Idaho,16057,3,0
Lincoln,Idaho,16063,14,0
Madison,Idaho,16065,5,0
Minidoka,Idaho,16067,4,0
Nez Perce,Idaho,16069,19,5
Owyhee,Idaho,16073,4,0
Payette,Idaho,16075,8,1
Power,Idaho,16077,2,0
Teton,Idaho,16081,6,0
Twin Falls,Idaho,16083,75,2
Valley,Idaho,16085,2,0
Washington,Idaho,16087,1,0
Adams,Illinois,17001,25,0
Bond,Illinois,17005,4,0
Boone,Illinois,17007,7,1
Bureau,Illinois,17011,5,0
Calhoun,Illinois,17013,1,0
Carroll,Illinois,17015,5,1
Champaign,Illinois,17019,85,2
Christian,Illinois,17021,24,4
Clark,Illinois,17023,4,0
Clinton,Illinois,17027,37,0
Coles,Illinois,17029,5,0
Cook,Illinois,17031,13417,453
Crawford,Illinois,17033,4,0
Cumberland,Illinois,17035,2,0
DeKalb,Illinois,17037,33,1
De Witt,Illinois,17039,2,0
Douglas,Illinois,17041,11,0
DuPage,Illinois,17043,1048,48
Effingham,Illinois,17049,3,1
Fayette,Illinois,17051,9,0
Ford,Illinois,17053,5,1
Franklin,Illinois,17055,3,0
Fulton,Illinois,17057,1,0
Gallatin,Illinois,17059,1,0
Greene,Illinois,17061,1,0
Grundy,Illinois,17063,17,0
Hancock,Illinois,17067,1,0
Henry,Illinois,17073,22,0
Iroquois,Illinois,17075,8,0
Jackson,Illinois,17077,30,2
Jasper,Illinois,17079,3,0
Jefferson,Illinois,17081,6,0
Jersey,Illinois,17083,6,0
Jo Daviess,Illinois,17085,10,0
Kane,Illinois,17089,376,22
Kankakee,Illinois,17091,185,10
Kendall,Illinois,17093,103,2
Knox,Illinois,17095,2,0
Lake,Illinois,17097,1331,39
LaSalle,Illinois,17099,18,1
Lawrence,Illinois,17101,2,0
Lee,Illinois,17103,12,0
Livingston,Illinois,17105,15,0
Logan,Illinois,17107,3,0
McDonough,Illinois,17109,1,0
McHenry,Illinois,17111,220,6
McLean,Illinois,17113,75,2
Macon,Illinois,17115,23,1
Macoupin,Illinois,17117,14,0
Madison,Illinois,17119,103,2
Marion,Illinois,17121,13,0
Marshall,Illinois,17123,1,0
Mason,Illinois,17125,3,0
Massac,Illinois,17127,2,0
Menard,Illinois,17129,2,0
Mercer,Illinois,17131,2,0
Monroe,Illinois,17133,43,1
Montgomery,Illinois,17135,8,0
Morgan,Illinois,17137,10,1
Moultrie,Illinois,17139,3,0
Ogle,Illinois,17141,16,1
Peoria,Illinois,17143,23,1
Perry,Illinois,17145,1,0
Piatt,Illinois,17147,6,0
Pike,Illinois,17149,1,0
Pulaski,Illinois,17153,4,0
Randolph,Illinois,17157,37,0
Richland,Illinois,17159,1,0
Rock Island,Illinois,17161,84,3
St. Clair,Illinois,17163,173,7
Saline,Illinois,17165,3,0
Sangamon,Illinois,17167,43,3
Schuyler,Illinois,17169,1,0
Shelby,Illinois,17173,3,0
Stark,Illinois,17175,1,0
Stephenson,Illinois,17177,8,0
Tazewell,Illinois,17179,18,2
Vermilion,Illinois,17183,7,0
Wabash,Illinois,17185,2,0
Warren,Illinois,17187,1,0
Washington,Illinois,17189,2,0
Whiteside,Illinois,17195,25,1
Will,Illinois,17197,1126,56
Williamson,Illinois,17199,10,0
Winnebago,Illinois,17201,80,7
Woodford,Illinois,17203,7,0
Adams,Indiana,18001,4,0
Allen,Indiana,18003,136,10
Bartholomew,Indiana,18005,108,4
Blackford,Indiana,18009,5,0
Boone,Indiana,18011,103,2
Brown,Indiana,18013,12,1
Carroll,Indiana,18015,5,0
Cass,Indiana,18017,23,1
Clark,Indiana,18019,106,8
Clay,Indiana,18021,11,0
Clinton,Indiana,18023,11,1
Crawford,Indiana,18025,12,0
Daviess,Indiana,18027,9,1
Dearborn,Indiana,18029,59,3
Decatur,Indiana,18031,123,10
DeKalb,Indiana,18033,5,0
Delaware,Indiana,18035,63,2
Dubois,Indiana,18037,11,0
Elkhart,Indiana,18039,71,3
Fayette,Indiana,18041,20,3
Floyd,Indiana,18043,105,4
Fountain,Indiana,18045,3,1
Franklin,Indiana,18047,67,7
Fulton,Indiana,18049,3,0
Gibson,Indiana,18051,4,0
Grant,Indiana,18053,35,2
Greene,Indiana,18055,14,1
Hamilton,Indiana,18057,443,22
Hancock,Indiana,18059,112,6
Harrison,Indiana,18061,54,2
Hendricks,Indiana,18063,301,9
Henry,Indiana,18065,22,0
Howard,Indiana,18067,46,4
Huntington,Indiana,18069,6,1
Jackson,Indiana,18071,64,0
Jasper,Indiana,18073,16,1
Jay,Indiana,18075,4,0
Jefferson,Indiana,18077,13,0
Jennings,Indiana,18079,54,0
Johnson,Indiana,18081,287,19
Knox,Indiana,18083,13,0
Kosciusko,Indiana,18085,17,1
LaGrange,Indiana,18087,10,1
Lake,Indiana,18089,676,25
LaPorte,Indiana,18091,31,3
Lawrence,Indiana,18093,63,7
Madison,Indiana,18095,235,13
Marion,Indiana,18097,2742,118
Marshall,Indiana,18099,14,0
Martin,Indiana,18101,2,0
Miami,Indiana,18103,15,0
Monroe,Indiana,18105,75,0
Montgomery,Indiana,18107,21,0
Morgan,Indiana,18109,94,3
Newton,Indiana,18111,9,1
Noble,Indiana,18113,14,1
Ohio,Indiana,18115,1,0
Orange,Indiana,18117,16,3
Owen,Indiana,18119,18,1
Parke,Indiana,18121,7,0
Perry,Indiana,18123,3,0
Porter,Indiana,18127,107,1
Posey,Indiana,18129,5,0
Pulaski,Indiana,18131,1,0
Putnam,Indiana,18133,32,2
Randolph,Indiana,18135,8,1
Ripley,Indiana,18137,81,3
Rush,Indiana,18139,13,1
St. Joseph,Indiana,18141,186,3
Scott,Indiana,18143,14,2
Shelby,Indiana,18145,68,2
Spencer,Indiana,18147,2,0
Starke,Indiana,18149,8,0
Steuben,Indiana,18151,12,1
Sullivan,Indiana,18153,5,0
Switzerland,Indiana,18155,13,0
Tippecanoe,Indiana,18157,43,1
Tipton,Indiana,18159,9,0
Union,Indiana,18161,5,0
Vanderburgh,Indiana,18163,53,1
Vermillion,Indiana,18165,3,0
Vigo,Indiana,18167,41,2
Wabash,Indiana,18169,7,0
Warren,Indiana,18171,2,1
Warrick,Indiana,18173,34,2
Washington,Indiana,18175,23,0
Wayne,Indiana,18177,17,1
Wells,Indiana,18179,3,0
White,Indiana,18181,3,0
Whitley,Indiana,18183,11,1
Adair,Iowa,19001,1,0
Allamakee,Iowa,19005,21,1
Appanoose,Iowa,19007,1,1
Audubon,Iowa,19009,1,0
Benton,Iowa,19011,16,1
Black Hawk,Iowa,19013,41,0
Boone,Iowa,19015,4,0
Bremer,Iowa,19017,3,0
Buchanan,Iowa,19019,6,0
Buena Vista,Iowa,19021,2,0
Butler,Iowa,19023,1,0
Carroll,Iowa,19027,1,0
Cedar,Iowa,19031,20,0
Cerro Gordo,Iowa,19033,13,0
Chickasaw,Iowa,19037,2,0
Clarke,Iowa,19039,2,0
Clay,Iowa,19041,2,0
Clayton,Iowa,19043,7,0
Clinton,Iowa,19045,28,0
Crawford,Iowa,19047,6,1
Dallas,Iowa,19049,37,0
Delaware,Iowa,19055,2,0
Des Moines,Iowa,19057,3,0
Dickinson,Iowa,19059,1,0
Dubuque,Iowa,19061,32,1
Fayette,Iowa,19065,4,0
Franklin,Iowa,19069,1,0
Greene,Iowa,19073,1,0
Grundy,Iowa,19075,1,0
Guthrie,Iowa,19077,1,0
Hamilton,Iowa,19079,2,0
Hancock,Iowa,19081,3,0
Hardin,Iowa,19083,1,0
Harrison,Iowa,19085,12,0
Henry,Iowa,19087,19,1
Howard,Iowa,19089,1,0
Iowa,Iowa,19095,7,0
Jackson,Iowa,19097,4,0
Jasper,Iowa,19099,10,0
Jefferson,Iowa,19101,4,0
Johnson,Iowa,19103,194,2
Jones,Iowa,19105,8,0
Keokuk,Iowa,19107,2,0
Kossuth,Iowa,19109,1,0
Lee,Iowa,19111,1,0
Linn,Iowa,19113,235,12
Louisa,Iowa,19115,70,0
Lyon,Iowa,19119,2,0
Madison,Iowa,19121,2,1
Mahaska,Iowa,19123,4,0
Marion,Iowa,19125,3,0
Marshall,Iowa,19127,28,0
Mills,Iowa,19129,1,0
Mitchell,Iowa,19131,2,0
Monona,Iowa,19133,6,0
Montgomery,Iowa,19137,1,0
Muscatine,Iowa,19139,91,1
O'Brien,Iowa,19141,3,0
Osceola,Iowa,19143,1,0
Page,Iowa,19145,3,0
Plymouth,Iowa,19149,4,0
Polk,Iowa,19153,163,5
Pottawattamie,Iowa,19155,12,0
Poweshiek,Iowa,19157,6,1
Scott,Iowa,19163,111,1
Shelby,Iowa,19165,6,0
Sioux,Iowa,19167,7,0
Story,Iowa,19169,7,0
Tama,Iowa,19171,77,2
Taylor,Iowa,19173,1,0
Union,Iowa,19175,1,0
Van Buren,Iowa,19177,6,0
Wapello,Iowa,19179,4,0
Warren,Iowa,19181,15,0
Washington,Iowa,19183,79,3
Webster,Iowa,19187,2,0
Winnebago,Iowa,19189,2,0
Winneshiek,Iowa,19191,5,0
Woodbury,Iowa,19193,18,0
Worth,Iowa,19195,1,0
Wright,Iowa,19197,1,0
Anderson,Kansas,20003,1,0
Atchison,Kansas,20005,3,0
Barber,Kansas,20007,1,0
Barton,Kansas,20009,5,0
Bourbon,Kansas,20011,7,1
Butler,Kansas,20015,8,0
Chautauqua,Kansas,20019,3,0
Cherokee,Kansas,20021,6,0
Clay,Kansas,20027,1,0
Cloud,Kansas,20029,3,0
Coffey,Kansas,20031,38,1
Cowley,Kansas,20035,2,1
Crawford,Kansas,20037,6,1
Doniphan,Kansas,20043,1,0
Douglas,Kansas,20045,39,0
Ellis,Kansas,20051,1,0
Finney,Kansas,20055,15,0
Ford,Kansas,20057,5,0
Franklin,Kansas,20059,12,0
Geary,Kansas,20061,6,0
Gove,Kansas,20063,1,0
Greenwood,Kansas,20073,1,0
Hamilton,Kansas,20075,1,0
Harvey,Kansas,20079,4,0
Jackson,Kansas,20085,1,0
Jefferson,Kansas,20087,5,0
Jewell,Kansas,20089,3,0
Johnson,Kansas,20091,283,13
Labette,Kansas,20099,18,0
Leavenworth,Kansas,20103,75,1
Linn,Kansas,20107,6,0
Lyon,Kansas,20111,27,0
McPherson,Kansas,20113,13,0
Marion,Kansas,20115,3,0
Miami,Kansas,20121,3,0
Mitchell,Kansas,20123,2,0
Montgomery,Kansas,20125,14,2
Morris,Kansas,20127,2,0
Morton,Kansas,20129,1,0
Neosho,Kansas,20133,2,0
Osage,Kansas,20139,3,0
Osborne,Kansas,20141,2,0
Ottawa,Kansas,20143,3,0
Phillips,Kansas,20147,1,0
Pottawatomie,Kansas,20149,5,0
Pratt,Kansas,20151,1,0
Reno,Kansas,20155,11,0
Republic,Kansas,20157,4,0
Riley,Kansas,20161,20,0
Rooks,Kansas,20163,2,0
Saline,Kansas,20169,8,1
Scott,Kansas,20171,2,0
Sedgwick,Kansas,20173,191,2
Seward,Kansas,20175,5,0
Shawnee,Kansas,20177,73,3
Stafford,Kansas,20185,1,0
Stevens,Kansas,20189,2,0
Sumner,Kansas,20191,2,1
Wabaunsee,Kansas,20197,1,0
Woodson,Kansas,20207,3,0
Wyandotte,Kansas,20209,315,24
Adair,Kentucky,21001,11,1
Allen,Kentucky,21003,4,0
Anderson,Kentucky,21005,3,1
Ballard,Kentucky,21007,1,0
Barren,Kentucky,21009,5,0
Bath,Kentucky,21011,2,0
Boone,Kentucky,21015,48,2
Bourbon,Kentucky,21017,4,1
Boyd,Kentucky,21019,26,2
Boyle,Kentucky,21021,13,0
Bracken,Kentucky,21023,6,0
Breathitt,Kentucky,21025,2,0
Breckinridge,Kentucky,21027,3,0
Bullitt,Kentucky,21029,27,2
Butler,Kentucky,21031,11,1
Caldwell,Kentucky,21033,10,0
Calloway,Kentucky,21035,14,1
Campbell,Kentucky,21037,47,3
Carroll,Kentucky,21041,2,0
Carter,Kentucky,21043,1,0
Christian,Kentucky,21047,62,3
Clark,Kentucky,21049,17,0
Clinton,Kentucky,21053,3,0
Crittenden,Kentucky,21055,3,0
Cumberland,Kentucky,21057,3,0
Daviess,Kentucky,21059,81,3
Edmonson,Kentucky,21061,6,0
Fayette,Kentucky,21067,179,7
Fleming,Kentucky,21069,1,0
Floyd,Kentucky,21071,1,0
Franklin,Kentucky,21073,10,0
Gallatin,Kentucky,21077,1,0
Grant,Kentucky,21081,13,1
Graves,Kentucky,21083,9,0
Grayson,Kentucky,21085,4,0
Green,Kentucky,21087,2,0
Greenup,Kentucky,21089,5,0
Hancock,Kentucky,21091,2,0
Hardin,Kentucky,21093,21,0
Harrison,Kentucky,21097,14,0
Hart,Kentucky,21099,1,0
Henderson,Kentucky,21101,29,0
Henry,Kentucky,21103,4,0
Hopkins,Kentucky,21107,87,7
Jackson,Kentucky,21109,5,0
Jefferson,Kentucky,21111,495,40
Jessamine,Kentucky,21113,26,0
Johnson,Kentucky,21115,1,0
Kenton,Kentucky,21117,91,8
Knott,Kentucky,21119,1,0
Knox,Kentucky,21121,1,0
Larue,Kentucky,21123,3,0
Laurel,Kentucky,21125,9,0
Lawrence,Kentucky,21127,1,0
Leslie,Kentucky,21131,1,0
Letcher,Kentucky,21133,1,0
Lewis,Kentucky,21135,2,0
Lincoln,Kentucky,21137,1,0
Logan,Kentucky,21141,5,0
Lyon,Kentucky,21143,12,2
McCracken,Kentucky,21145,21,2
McCreary,Kentucky,21147,8,0
McLean,Kentucky,21149,7,1
Madison,Kentucky,21151,18,1
Marion,Kentucky,21155,11,0
Marshall,Kentucky,21157,11,0
Martin,Kentucky,21159,4,0
Mason,Kentucky,21161,5,0
Meade,Kentucky,21163,2,1
Menifee,Kentucky,21165,3,0
Mercer,Kentucky,21167,9,0
Monroe,Kentucky,21171,2,0
Montgomery,Kentucky,21173,8,0
Muhlenberg,Kentucky,21177,28,0
Nelson,Kentucky,21179,10,0
Nicholas,Kentucky,21181,1,0
Ohio,Kentucky,21183,8,0
Oldham,Kentucky,21185,16,0
Pendleton,Kentucky,21191,3,0
Perry,Kentucky,21193,3,0
Pike,Kentucky,21195,4,0
Powell,Kentucky,21197,2,0
Pulaski,Kentucky,21199,33,2
Rockcastle,Kentucky,21203,8,0
Rowan,Kentucky,21205,1,0
Russell,Kentucky,21207,8,0
Scott,Kentucky,21209,22,0
Shelby,Kentucky,21211,18,1
Simpson,Kentucky,21213,17,1
Spencer,Kentucky,21215,6,0
Taylor,Kentucky,21217,3,0
Todd,Kentucky,21219,6,0
Trimble,Kentucky,21223,2,0
Union,Kentucky,21225,5,0
Warren,Kentucky,21227,49,0
Washington,Kentucky,21229,3,0
Wayne,Kentucky,21231,4,0
Webster,Kentucky,21233,8,0
Whitley,Kentucky,21235,4,0
Woodford,Kentucky,21239,17,0
Acadia,Louisiana,22001,98,4
Allen,Louisiana,22003,71,7
Ascension,Louisiana,22005,415,20
Assumption,Louisiana,22007,109,1
Avoyelles,Louisiana,22009,61,1
Beauregard,Louisiana,22011,27,1
Bienville,Louisiana,22013,30,1
Bossier,Louisiana,22015,178,9
Caddo,Louisiana,22017,974,39
Calcasieu,Louisiana,22019,248,8
Caldwell,Louisiana,22021,18,0
Cameron,Louisiana,22023,2,0
Catahoula,Louisiana,22025,20,1
Claiborne,Louisiana,22027,41,3
Concordia,Louisiana,22029,17,1
De Soto,Louisiana,22031,114,7
East Baton Rouge,Louisiana,22033,1158,45
East Carroll,Louisiana,22035,1,0
East Feliciana,Louisiana,22037,67,2
Evangeline,Louisiana,22039,34,0
Franklin,Louisiana,22041,47,1
Grant,Louisiana,22043,11,0
Iberia,Louisiana,22045,128,5
Iberville,Louisiana,22047,214,12
Jackson,Louisiana,22049,8,0
Jefferson,Louisiana,22051,4877,170
Jefferson Davis,Louisiana,22053,35,3
Lafayette,Louisiana,22055,337,12
Lafourche,Louisiana,22057,454,13
LaSalle,Louisiana,22059,10,0
Lincoln,Louisiana,22061,37,0
Livingston,Louisiana,22063,109,1
Madison,Louisiana,22065,2,0
Morehouse,Louisiana,22067,31,2
Natchitoches,Louisiana,22069,33,0
Orleans,Louisiana,22071,5535,232
Ouachita,Louisiana,22073,350,5
Plaquemines,Louisiana,22075,136,11
Pointe Coupee,Louisiana,22077,40,2
Rapides,Louisiana,22079,159,5
Red River,Louisiana,22081,9,1
Richland,Louisiana,22083,19,0
Sabine,Louisiana,22085,8,0
St. Bernard,Louisiana,22087,358,10
St. Charles,Louisiana,22089,401,24
St. Helena,Louisiana,22091,13,0
St. James,Louisiana,22093,197,9
St. John the Baptist,Louisiana,22095,538,38
St. Landry,Louisiana,22097,109,11
St. Martin,Louisiana,22099,146,7
St. Mary,Louisiana,22101,105,2
St. Tammany,Louisiana,22103,845,32
Tangipahoa,Louisiana,22105,318,7
Tensas,Louisiana,22107,1,0
Terrebonne,Louisiana,22109,248,14
Union,Louisiana,22111,45,3
Vermilion,Louisiana,22113,24,1
Vernon,Louisiana,22115,14,0
Washington,Louisiana,22117,142,7
Webster,Louisiana,22119,60,2
West Baton Rouge,Louisiana,22121,66,9
West Carroll,Louisiana,22123,4,0
West Feliciana,Louisiana,22125,45,0
Winn,Louisiana,22127,9,2
Androscoggin,Maine,23001,27,0
Aroostook,Maine,23003,2,0
Cumberland,Maine,23005,284,12
Franklin,Maine,23007,7,0
Hancock,Maine,23009,4,0
Kennebec,Maine,23011,31,1
Knox,Maine,23013,10,0
Lincoln,Maine,23015,9,0
Oxford,Maine,23017,13,0
Penobscot,Maine,23019,34,0
Sagadahoc,Maine,23023,15,1
Somerset,Maine,23025,6,0
Waldo,Maine,23027,27,2
Washington,Maine,23029,1,0
York,Maine,23031,143,3
Allegany,Maryland,24001,11,0
Anne Arundel,Maryland,24003,615,19
Baltimore,Maryland,24005,1173,26
Calvert,Maryland,24009,82,1
Caroline,Maryland,24011,15,0
Carroll,Maryland,24013,214,25
Cecil,Maryland,24015,66,1
Charles,Maryland,24017,235,5
Dorchester,Maryland,24019,8,1
Frederick,Maryland,24021,341,11
Garrett,Maryland,24023,4,0
Harford,Maryland,24025,120,1
Howard,Maryland,24027,351,6
Kent,Maryland,24029,10,0
Montgomery,Maryland,24031,1537,36
Prince George's,Maryland,24033,1923,50
Queen Anne's,Maryland,24035,19,0
St. Mary's,Maryland,24037,73,0
Somerset,Maryland,24039,4,0
Talbot,Maryland,24041,13,1
Washington,Maryland,24043,72,1
Wicomico,Maryland,24045,33,1
Worcester,Maryland,24047,19,0
Baltimore city,Maryland,24510,756,22
Barnstable,Massachusetts,25001,480,15
Berkshire,Massachusetts,25003,336,22
Bristol,Massachusetts,25005,1191,39
Dukes,Massachusetts,25007,12,0
Essex,Massachusetts,25009,2896,91
Franklin,Massachusetts,25011,138,23
Hampden,Massachusetts,25013,1545,95
Hampshire,Massachusetts,25015,204,4
Middlesex,Massachusetts,25017,4872,137
Nantucket,Massachusetts,25019,9,0
Norfolk,Massachusetts,25021,2395,79
Plymouth,Massachusetts,25023,1809,57
Suffolk,Massachusetts,25025,4926,74
Worcester,Massachusetts,25027,1822,41
Allegan,Michigan,26005,19,0
Alpena,Michigan,26007,1,0
Antrim,Michigan,26009,7,0
Arenac,Michigan,26011,4,0
Barry,Michigan,26015,8,0
Bay,Michigan,26017,53,0
Berrien,Michigan,26021,94,3
Branch,Michigan,26023,26,2
Calhoun,Michigan,26025,71,1
Cass,Michigan,26027,12,1
Charlevoix,Michigan,26029,11,0
Cheboygan,Michigan,26031,11,1
Chippewa,Michigan,26033,1,1
Clare,Michigan,26035,4,1
Clinton,Michigan,26037,90,3
Crawford,Michigan,26039,8,1
Delta,Michigan,26041,9,1
Dickinson,Michigan,26043,3,2
Eaton,Michigan,26045,71,4
Emmet,Michigan,26047,21,2
Genesee,Michigan,26049,919,62
Gladwin,Michigan,26051,4,0
Gogebic,Michigan,26053,4,1
Grand Traverse,Michigan,26055,17,3
Gratiot,Michigan,26057,7,0
Hillsdale,Michigan,26059,75,6
Houghton,Michigan,26061,1,0
Huron,Michigan,26063,5,0
Ingham,Michigan,26065,241,3
Ionia,Michigan,26067,14,2
Iosco,Michigan,26069,5,1
Isabella,Michigan,26073,38,3
Jackson,Michigan,26075,152,4
Kalamazoo,Michigan,26077,79,7
Kalkaska,Michigan,26079,13,2
Kent,Michigan,26081,270,13
Lake,Michigan,26085,1,0
Lapeer,Michigan,26087,95,6
Leelanau,Michigan,26089,4,0
Lenawee,Michigan,26091,43,0
Livingston,Michigan,26093,206,3
Luce,Michigan,26095,1,0
Mackinac,Michigan,26097,4,0
Macomb,Michigan,26099,3164,209
Manistee,Michigan,26101,9,0
Marquette,Michigan,26103,21,2
Mason,Michigan,26105,2,0
Mecosta,Michigan,26107,11,1
Menominee,Michigan,26109,1,0
Midland,Michigan,26111,30,1
Missaukee,Michigan,26113,1,1
Monroe,Michigan,26115,183,7
Montcalm,Michigan,26117,21,1
Muskegon,Michigan,26121,57,4
Newaygo,Michigan,26123,6,0
Oakland,Michigan,26125,4802,316
Oceana,Michigan,26127,3,1
Ogemaw,Michigan,26129,4,0
Osceola,Michigan,26133,4,0
Oscoda,Michigan,26135,4,0
Otsego,Michigan,26137,31,2
Ottawa,Michigan,26139,64,2
Presque Isle,Michigan,26141,2,0
Roscommon,Michigan,26143,8,0
Saginaw,Michigan,26145,254,9
St. Clair,Michigan,26147,190,4
St. Joseph,Michigan,26149,20,0
Sanilac,Michigan,26151,23,2
Schoolcraft,Michigan,26153,2,0
Shiawassee,Michigan,26155,37,1
Tuscola,Michigan,26157,41,6
Van Buren,Michigan,26159,21,1
Washtenaw,Michigan,26161,685,18
Wayne,Michigan,26163,10951,652
Wexford,Michigan,26165,7,1
Anoka,Minnesota,27003,58,0
Becker,Minnesota,27005,1,0
Beltrami,Minnesota,27007,5,0
Benton,Minnesota,27009,1,0
Big Stone,Minnesota,27011,1,0
Blue Earth,Minnesota,27013,22,0
Brown,Minnesota,27015,7,1
Carlton,Minnesota,27017,19,0
Carver,Minnesota,27019,12,0
Cass,Minnesota,27021,3,0
Chisago,Minnesota,27025,6,1
Clay,Minnesota,27027,29,0
Clearwater,Minnesota,27029,2,0
Cottonwood,Minnesota,27033,5,0
Crow Wing,Minnesota,27035,13,0
Dakota,Minnesota,27037,87,4
Dodge,Minnesota,27039,15,0
Douglas,Minnesota,27041,1,0
Faribault,Minnesota,27043,4,0
Fillmore,Minnesota,27045,10,0
Freeborn,Minnesota,27047,22,0
Goodhue,Minnesota,27049,16,0
Hennepin,Minnesota,27053,464,30
Houston,Minnesota,27055,1,0
Isanti,Minnesota,27059,4,0
Itasca,Minnesota,27061,2,0
Jackson,Minnesota,27063,1,0
Kandiyohi,Minnesota,27067,2,0
Koochiching,Minnesota,27071,1,0
Lac qui Parle,Minnesota,27073,1,0
Le Sueur,Minnesota,27079,20,0
Lincoln,Minnesota,27081,2,0
Lyon,Minnesota,27083,5,0
McLeod,Minnesota,27085,2,0
Mahnomen,Minnesota,27087,1,0
Martin,Minnesota,27091,37,4
Meeker,Minnesota,27093,2,0
Mower,Minnesota,27099,23,0
Murray,Minnesota,27101,1,0
Nicollet,Minnesota,27103,6,1
Nobles,Minnesota,27105,1,0
Olmsted,Minnesota,27109,132,2
Otter Tail,Minnesota,27111,4,0
Pine,Minnesota,27115,3,0
Pipestone,Minnesota,27117,1,0
Polk,Minnesota,27119,1,0
Ramsey,Minnesota,27123,132,6
Redwood,Minnesota,27127,1,0
Renville,Minnesota,27129,3,0
Rice,Minnesota,27131,4,0
Roseau,Minnesota,27135,1,0
St. Louis,Minnesota,27137,37,4
Scott,Minnesota,27139,20,1
Sherburne,Minnesota,27141,9,0
Sibley,Minnesota,27143,1,0
Stearns,Minnesota,27145,7,0
Steele,Minnesota,27147,9,0
Swift,Minnesota,27151,1,0
Traverse,Minnesota,27155,2,0
Wabasha,Minnesota,27157,6,0
Waseca,Minnesota,27161,3,0
Washington,Minnesota,27163,77,2
Watonwan,Minnesota,27165,4,0
Wilkin,Minnesota,27167,7,1
Winona,Minnesota,27169,26,6
Wright,Minnesota,27171,16,1
Yellow Medicine,Minnesota,27173,2,0
Adams,Mississippi,28001,49,1
Alcorn,Mississippi,28003,7,0
Amite,Mississippi,28005,11,1
Attala,Mississippi,28007,18,0
Benton,Mississippi,28009,5,0
Bolivar,Mississippi,28011,65,3
Calhoun,Mississippi,28013,14,0
Carroll,Mississippi,28015,7,0
Chickasaw,Mississippi,28017,22,2
Choctaw,Mississippi,28019,10,1
Claiborne,Mississippi,28021,5,0
Clarke,Mississippi,28023,13,1
Clay,Mississippi,28025,17,0
Coahoma,Mississippi,28027,38,1
Copiah,Mississippi,28029,28,0
Covington,Mississippi,28031,12,0
DeSoto,Mississippi,28033,163,2
Forrest,Mississippi,28035,86,2
Franklin,Mississippi,28037,10,0
George,Mississippi,28039,7,0
Greene,Mississippi,28041,2,0
Grenada,Mississippi,28043,10,0
Hancock,Mississippi,28045,38,5
Harrison,Mississippi,28047,107,5
Hinds,Mississippi,28049,234,2
Holmes,Mississippi,28051,42,3
Humphreys,Mississippi,28053,9,1
Itawamba,Mississippi,28057,9,0
Jackson,Mississippi,28059,139,5
Jasper,Mississippi,28061,12,0
Jefferson,Mississippi,28063,4,0
Jefferson Davis,Mississippi,28065,5,0
Jones,Mississippi,28067,30,0
Kemper,Mississippi,28069,14,0
Lafayette,Mississippi,28071,29,1
Lamar,Mississippi,28073,31,1
Lauderdale,Mississippi,28075,133,8
Lawrence,Mississippi,28077,6,0
Leake,Mississippi,28079,27,0
Lee,Mississippi,28081,42,3
Leflore,Mississippi,28083,44,4
Lincoln,Mississippi,28085,41,3
Lowndes,Mississippi,28087,22,0
Madison,Mississippi,28089,99,2
Marion,Mississippi,28091,17,0
Marshall,Mississippi,28093,30,2
Monroe,Mississippi,28095,31,2
Montgomery,Mississippi,28097,14,1
Neshoba,Mississippi,28099,26,0
Newton,Mississippi,28101,12,0
Noxubee,Mississippi,28103,6,0
Oktibbeha,Mississippi,28105,36,1
Panola,Mississippi,28107,22,2
Pearl River,Mississippi,28109,82,6
Perry,Mississippi,28111,16,1
Pike,Mississippi,28113,47,1
Pontotoc,Mississippi,28115,14,1
Prentiss,Mississippi,28117,12,0
Quitman,Mississippi,28119,12,0
Rankin,Mississippi,28121,94,2
Scott,Mississippi,28123,52,0
Sharkey,Mississippi,28125,3,0
Simpson,Mississippi,28127,7,0
Smith,Mississippi,28129,23,1
Stone,Mississippi,28131,9,0
Sunflower,Mississippi,28133,35,1
Tallahatchie,Mississippi,28135,3,0
Tate,Mississippi,28137,23,0
Tippah,Mississippi,28139,43,6
Tishomingo,Mississippi,28141,2,0
Tunica,Mississippi,28143,19,1
Union,Mississippi,28145,7,1
Walthall,Mississippi,28147,16,0
Warren,Mississippi,28149,11,0
Washington,Mississippi,28151,49,2
Wayne,Mississippi,28153,8,0
Webster,Mississippi,28155,14,1
Wilkinson,Mississippi,28157,42,3
Winston,Mississippi,28159,18,0
Yalobusha,Mississippi,28161,13,0
Yazoo,Mississippi,28163,58,1
Adair,Missouri,29001,11,0
Andrew,Missouri,29003,1,0
Atchison,Missouri,29005,1,0
Barry,Missouri,29009,2,0
Bates,Missouri,29013,6,0
Benton,Missouri,29015,3,0
Bollinger,Missouri,29017,3,0
Boone,Missouri,29019,79,1
Buchanan,Missouri,29021,20,1
Butler,Missouri,29023,13,0
Caldwell,Missouri,29025,1,0
Callaway,Missouri,29027,20,1
Camden,Missouri,29029,26,1
Cape Girardeau,Missouri,29031,28,1
Carter,Missouri,29035,3,1
Cass,Missouri,29037,32,2
Cedar,Missouri,29039,5,0
Chariton,Missouri,29041,4,0
Christian,Missouri,29043,17,0
Clark,Missouri,29045,1,0
Clay,Missouri,29047,46,1
Clinton,Missouri,29049,11,0
Cole,Missouri,29051,36,1
Cooper,Missouri,29053,4,0
Crawford,Missouri,29055,4,0
Dallas,Missouri,29059,2,0
DeKalb,Missouri,29063,3,0
Dunklin,Missouri,29069,13,0
Franklin,Missouri,29071,75,3
Gasconade,Missouri,29073,2,0
Gentry,Missouri,29075,1,0
Greene,Missouri,29077,71,8
Harrison,Missouri,29081,6,0
Henry,Missouri,29083,4,1
Howard,Missouri,29089,1,0
Howell,Missouri,29091,4,0
Iron,Missouri,29093,1,0
Jackson,Missouri,29095,208,7
Jasper,Missouri,29097,13,0
Jefferson,Missouri,29099,115,3
Johnson,Missouri,29101,37,0
Lafayette,Missouri,29107,27,1
Lincoln,Missouri,29113,26,1
Linn,Missouri,29115,3,0
Livingston,Missouri,29117,1,0
McDonald,Missouri,29119,3,0
Macon,Missouri,29121,2,0
Madison,Missouri,29123,1,0
Maries,Missouri,29125,2,0
Moniteau,Missouri,29135,3,0
Montgomery,Missouri,29139,6,0
Morgan,Missouri,29141,1,0
New Madrid,Missouri,29143,6,0
Newton,Missouri,29145,8,0
Nodaway,Missouri,29147,2,0
Oregon,Missouri,29149,1,0
Osage,Missouri,29151,4,0
Pemiscot,Missouri,29155,4,0
Perry,Missouri,29157,34,0
Pettis,Missouri,29159,3,0
Phelps,Missouri,29161,1,0
Pike,Missouri,29163,6,0
Platte,Missouri,29165,25,0
Polk,Missouri,29167,1,0
Pulaski,Missouri,29169,10,1
Ralls,Missouri,29173,1,0
Randolph,Missouri,29175,8,0
Ray,Missouri,29177,7,0
Reynolds,Missouri,29179,2,0
Ripley,Missouri,29181,3,0
St. Charles,Missouri,29183,320,11
St. Clair,Missouri,29185,2,0
Ste. Genevieve,Missouri,29186,6,1
St. Francois,Missouri,29187,21,1
St. Louis,Missouri,29189,1568,42
Saline,Missouri,29195,22,0
Scotland,Missouri,29199,3,0
Scott,Missouri,29201,14,0
Shelby,Missouri,29205,1,0
Stoddard,Missouri,29207,9,0
Stone,Missouri,29209,3,0
Taney,Missouri,29213,7,1
Vernon,Missouri,29217,3,0
Warren,Missouri,29219,11,0
Washington,Missouri,29221,1,0
Webster,Missouri,29225,4,0
Worth,Missouri,29227,1,0
Wright,Missouri,29229,7,0
St. Louis city,Missouri,29510,585,17
Beaverhead,Montana,30001,1,0
Big Horn,Montana,30003,1,0
Broadwater,Montana,30007,4,0
Carbon,Montana,30009,6,0
Cascade,Montana,30013,13,0
Deer Lodge,Montana,30023,3,0
Flathead,Montana,30029,34,0
Gallatin,Montana,30031,135,0
Glacier,Montana,30035,3,0
Golden Valley,Montana,30037,1,0
Hill,Montana,30041,1,0
Jefferson,Montana,30043,2,0
Lake,Montana,30047,5,0
Lewis and Clark,Montana,30049,16,0
Liberty,Montana,30051,1,0
Lincoln,Montana,30053,7,1
Madison,Montana,30057,8,1
Meagher,Montana,30059,1,0
Missoula,Montana,30063,29,1
Musselshell,Montana,30065,1,0
Park,Montana,30067,7,0
Ravalli,Montana,30081,3,0
Richland,Montana,30083,3,0
Roosevelt,Montana,30085,3,0
Silver Bow,Montana,30093,11,0
Stillwater,Montana,30095,1,0
Toole,Montana,30101,20,3
Yellowstone,Montana,30111,57,0
Adams,Nebraska,31001,45,0
Antelope,Nebraska,31003,1,0
Box Butte,Nebraska,31013,1,0
Buffalo,Nebraska,31019,33,1
Burt,Nebraska,31021,1,0
Cass,Nebraska,31025,3,0
Cedar,Nebraska,31027,1,0
Cherry,Nebraska,31031,1,0
Cheyenne,Nebraska,31033,2,0
Clay,Nebraska,31035,2,0
Colfax,Nebraska,31037,4,0
Cuming,Nebraska,31039,2,0
Custer,Nebraska,31041,13,1
Dawson,Nebraska,31047,3,0
Dodge,Nebraska,31053,7,0
Douglas,Nebraska,31055,244,7
Franklin,Nebraska,31061,2,0
Gage,Nebraska,31067,25,1
Gosper,Nebraska,31073,1,0
Hall,Nebraska,31079,131,4
Hamilton,Nebraska,31081,10,0
Johnson,Nebraska,31097,1,0
Kearney,Nebraska,31099,3,0
Kimball,Nebraska,31105,9,0
Knox,Nebraska,31107,2,0
Lancaster,Nebraska,31109,50,1
Lincoln,Nebraska,31111,17,1
Madison,Nebraska,31119,6,2
Merrick,Nebraska,31121,2,0
Nemaha,Nebraska,31127,1,0
Otoe,Nebraska,31131,1,0
Phelps,Nebraska,31137,1,0
Pierce,Nebraska,31139,1,0
Platte,Nebraska,31141,6,0
Polk,Nebraska,31143,1,0
Sarpy,Nebraska,31153,41,0
Saunders,Nebraska,31155,6,0
Scotts Bluff,Nebraska,31157,12,0
Seward,Nebraska,31159,1,0
Stanton,Nebraska,31167,1,0
Washington,Nebraska,31177,20,0
Wayne,Nebraska,31179,1,0
Webster,Nebraska,31181,1,0
York,Nebraska,31185,3,0
Clark,Nevada,32003,2258,96
Douglas,Nevada,32005,10,0
Elko,Nevada,32007,11,1
Humboldt,Nevada,32013,18,0
Lyon,Nevada,32019,7,0
Nye,Nevada,32023,10,0
Washoe,Nevada,32031,389,11
White Pine,Nevada,32033,1,0
Carson City,Nevada,32510,16,0
Belknap,New Hampshire,33001,21,0
Carroll,New Hampshire,33003,28,0
Cheshire,New Hampshire,33005,18,2
Coos,New Hampshire,33007,2,0
Grafton,New Hampshire,33009,43,0
Hillsborough,New Hampshire,33011,367,15
Merrimack,New Hampshire,33013,71,2
Rockingham,New Hampshire,33015,314,3
Strafford,New Hampshire,33017,58,0
Sullivan,New Hampshire,33019,6,1
Atlantic,New Jersey,34001,230,7
Bergen,New Jersey,34003,9362,435
Burlington,New Jersey,34005,1031,22
Camden,New Jersey,34007,1180,29
Cape May,New Jersey,34009,129,5
Cumberland,New Jersey,34011,154,3
Essex,New Jersey,34013,7007,412
Gloucester,New Jersey,34015,487,9
Hudson,New Jersey,34017,6851,183
Hunterdon,New Jersey,34019,301,11
Mercer,New Jersey,34021,1434,49
Middlesex,New Jersey,34023,5406,177
Monmouth,New Jersey,34025,3651,115
Morris,New Jersey,34027,2925,152
Ocean,New Jersey,34029,3403,132
Passaic,New Jersey,34031,5295,119
Salem,New Jersey,34033,56,3
Somerset,New Jersey,34035,1642,78
Sussex,New Jersey,34037,456,27
Union,New Jersey,34039,5865,195
Warren,New Jersey,34041,362,18
Bernalillo,New Mexico,35001,422,13
Catron,New Mexico,35003,1,0
Chaves,New Mexico,35005,19,0
Cibola,New Mexico,35006,25,0
Colfax,New Mexico,35007,1,0
Curry,New Mexico,35009,9,0
Doña Ana,New Mexico,35013,49,0
Eddy,New Mexico,35015,6,1
Grant,New Mexico,35017,8,0
Lea,New Mexico,35025,2,0
Lincoln,New Mexico,35027,1,0
Los Alamos,New Mexico,35028,4,0
Luna,New Mexico,35029,2,0
McKinley,New Mexico,35031,140,2
Otero,New Mexico,35035,3,0
Quay,New Mexico,35037,1,0
Rio Arriba,New Mexico,35039,7,0
Roosevelt,New Mexico,35041,1,0
Sandoval,New Mexico,35043,199,3
San Juan,New Mexico,35045,149,1
San Miguel,New Mexico,35047,1,0
Santa Fe,New Mexico,35049,74,0
Socorro,New Mexico,35053,11,0
Taos,New Mexico,35055,15,0
Torrance,New Mexico,35057,9,0
Valencia,New Mexico,35061,15,0
Albany,New York,36001,446,16
Allegany,New York,36003,26,0
Broome,New York,36007,117,6
Cattaraugus,New York,36009,19,0
Cayuga,New York,36011,28,1
Chautauqua,New York,36013,21,1
Chemung,New York,36015,60,2
Chenango,New York,36017,61,0
Clinton,New York,36019,43,0
Columbia,New York,36021,77,6
Cortland,New York,36023,17,0
Delaware,New York,36025,39,0
Dutchess,New York,36027,1744,27
Erie,New York,36029,1472,62
Essex,New York,36031,12,0
Franklin,New York,36033,11,0
Fulton,New York,36035,21,0
Genesee,New York,36037,67,0
Greene,New York,36039,37,0
Hamilton,New York,36041,3,0
Herkimer,New York,36043,37,1
Jefferson,New York,36045,44,0
Lewis,New York,36049,6,0
Livingston,New York,36051,30,1
Madison,New York,36053,99,1
Monroe,New York,36055,767,42
Montgomery,New York,36057,29,1
Nassau,New York,36059,22584,965
Niagara,New York,36063,167,2
Oneida,New York,36065,181,2
Onondaga,New York,36067,380,12
Ontario,New York,36069,56,0
Orange,New York,36071,4847,99
Orleans,New York,36073,24,0
Oswego,New York,36075,37,0
Otsego,New York,36077,43,2
Putnam,New York,36079,494,20
Rensselaer,New York,36083,96,4
Rockland,New York,36087,7477,153
St. Lawrence,New York,36089,80,1
Saratoga,New York,36091,187,1
Schenectady,New York,36093,194,10
Schoharie,New York,36095,12,0
Schuyler,New York,36097,5,0
Seneca,New York,36099,16,0
Steuben,New York,36101,119,3
Suffolk,New York,36103,19883,469
Sullivan,New York,36105,340,7
Tioga,New York,36107,19,0
Tompkins,New York,36109,108,0
Ulster,New York,36111,589,2
Warren,New York,36113,44,1
Washington,New York,36115,31,0
Wayne,New York,36117,42,0
Westchester,New York,36119,18729,505
Wyoming,New York,36121,31,0
Yates,New York,36123,2,0
Alamance,North Carolina,37001,34,0
Alexander,North Carolina,37003,2,0
Alleghany,North Carolina,37005,2,0
Anson,North Carolina,37007,10,0
Ashe,North Carolina,37009,4,0
Beaufort,North Carolina,37013,13,0
Bertie,North Carolina,37015,12,1
Bladen,North Carolina,37017,1,0
Brunswick,North Carolina,37019,34,2
Buncombe,North Carolina,37021,36,2
Burke,North Carolina,37023,61,2
Cabarrus,North Carolina,37025,107,2
Caldwell,North Carolina,37027,15,0
Carteret,North Carolina,37031,21,1
Caswell,North Carolina,37033,3,0
Catawba,North Carolina,37035,33,1
Chatham,North Carolina,37037,37,0
Cherokee,North Carolina,37039,10,1
Chowan,North Carolina,37041,3,0
Clay,North Carolina,37043,3,0
Cleveland,North Carolina,37045,35,0
Columbus,North Carolina,37047,31,1
Craven,North Carolina,37049,24,1
Cumberland,North Carolina,37051,82,1
Currituck,North Carolina,37053,3,0
Dare,North Carolina,37055,10,1
Davidson,North Carolina,37057,85,2
Davie,North Carolina,37059,21,2
Duplin,North Carolina,37061,15,0
Durham,North Carolina,37063,275,1
Edgecombe,North Carolina,37065,22,1
Forsyth,North Carolina,37067,112,4
Franklin,North Carolina,37069,27,1
Gaston,North Carolina,37071,80,3
Gates,North Carolina,37073,4,0
Granville,North Carolina,37077,88,0
Greene,North Carolina,37079,10,0
Guilford,North Carolina,37081,134,9
Halifax,North Carolina,37083,21,0
Harnett,North Carolina,37085,38,2
Haywood,North Carolina,37087,3,0
Henderson,North Carolina,37089,68,2
Hertford,North Carolina,37091,4,1
Hoke,North Carolina,37093,18,0
Iredell,North Carolina,37097,71,1
Johnston,North Carolina,37101,92,4
Jones,North Carolina,37103,6,1
Lee,North Carolina,37105,8,0
Lenoir,North Carolina,37107,14,0
Lincoln,North Carolina,37109,15,0
McDowell,North Carolina,37111,16,0
Macon,North Carolina,37113,2,1
Martin,North Carolina,37117,5,0
Mecklenburg,North Carolina,37119,935,12
Mitchell,North Carolina,37121,4,0
Montgomery,North Carolina,37123,12,1
Moore,North Carolina,37125,65,0
Nash,North Carolina,37127,32,1
New Hanover,North Carolina,37129,54,0
Northampton,North Carolina,37131,60,0
Onslow,North Carolina,37133,28,1
Orange,North Carolina,37135,141,2
Pamlico,North Carolina,37137,5,0
Pasquotank,North Carolina,37139,15,0
Pender,North Carolina,37141,5,0
Perquimans,North Carolina,37143,4,0
Person,North Carolina,37145,8,0
Pitt,North Carolina,37147,62,1
Polk,North Carolina,37149,9,0
Randolph,North Carolina,37151,51,2
Richmond,North Carolina,37153,7,1
Robeson,North Carolina,37155,7,0
Rockingham,North Carolina,37157,14,2
Rowan,North Carolina,37159,105,2
Rutherford,North Carolina,37161,37,2
Sampson,North Carolina,37163,11,0
Scotland,North Carolina,37165,9,0
Stanly,North Carolina,37167,14,1
Stokes,North Carolina,37169,9,0
Surry,North Carolina,37171,10,0
Transylvania,North Carolina,37175,6,0
Union,North Carolina,37179,101,1
Vance,North Carolina,37181,19,0
Wake,North Carolina,37183,424,0
Warren,North Carolina,37185,3,0
Washington,North Carolina,37187,15,1
Watauga,North Carolina,37189,8,0
Wayne,North Carolina,37191,69,1
Wilkes,North Carolina,37193,4,1
Wilson,North Carolina,37195,58,3
Yadkin,North Carolina,37197,10,0
Barnes,North Dakota,38003,2,0
Bowman,North Dakota,38011,1,0
Burke,North Dakota,38013,2,0
Burleigh,North Dakota,38015,49,0
Cass,North Dakota,38017,95,2
Divide,North Dakota,38023,1,0
Dunn,North Dakota,38025,2,0
Eddy,North Dakota,38027,1,0
Emmons,North Dakota,38029,1,1
Foster,North Dakota,38031,1,0
Grand Forks,North Dakota,38035,11,0
Grant,North Dakota,38037,1,0
McHenry,North Dakota,38049,1,1
McIntosh,North Dakota,38051,1,0
McKenzie,North Dakota,38053,6,0
McLean,North Dakota,38055,2,0
Morton,North Dakota,38059,19,1
Mountrail,North Dakota,38061,21,0
Oliver,North Dakota,38065,1,0
Pierce,North Dakota,38069,2,0
Ramsey,North Dakota,38071,3,0
Richland,North Dakota,38077,2,0
Rolette,North Dakota,38079,1,0
Sargent,North Dakota,38081,1,0
Sioux,North Dakota,38085,1,0
Slope,North Dakota,38087,3,0
Stark,North Dakota,38089,30,2
Stutsman,North Dakota,38093,1,0
Walsh,North Dakota,38099,3,0
Ward,North Dakota,38101,20,0
Williams,North Dakota,38105,8,0
Adams,Ohio,39001,3,0
Allen,Ohio,39003,27,1
Ashland,Ohio,39005,5,0
Ashtabula,Ohio,39007,24,0
Athens,Ohio,39009,3,1
Auglaize,Ohio,39011,14,1
Belmont,Ohio,39013,49,2
Brown,Ohio,39015,5,1
Butler,Ohio,39017,115,2
Carroll,Ohio,39019,11,0
Champaign,Ohio,39021,6,1
Clark,Ohio,39023,18,0
Clermont,Ohio,39025,41,1
Clinton,Ohio,39027,15,0
Columbiana,Ohio,39029,96,6
Coshocton,Ohio,39031,15,0
Crawford,Ohio,39033,13,0
Cuyahoga,Ohio,39035,1113,22
Darke,Ohio,39037,42,8
Defiance,Ohio,39039,11,0
Delaware,Ohio,39041,89,2
Erie,Ohio,39043,10,1
Fairfield,Ohio,39045,78,0
Fayette,Ohio,39047,7,0
Franklin,Ohio,39049,894,14
Fulton,Ohio,39051,6,0
Gallia,Ohio,39053,4,1
Geauga,Ohio,39055,53,2
Greene,Ohio,39057,24,1
Guernsey,Ohio,39059,5,0
Hamilton,Ohio,39061,529,17
Hancock,Ohio,39063,20,1
Hardin,Ohio,39065,4,0
Henry,Ohio,39069,1,0
Highland,Ohio,39071,6,0
Hocking,Ohio,39073,2,0
Holmes,Ohio,39075,3,0
Huron,Ohio,39077,15,1
Jackson,Ohio,39079,2,0
Jefferson,Ohio,39081,23,0
Knox,Ohio,39083,9,1
Lake,Ohio,39085,112,6
Lawrence,Ohio,39087,15,0
Licking,Ohio,39089,80,3
Logan,Ohio,39091,7,0
Lorain,Ohio,39093,161,5
Lucas,Ohio,39095,490,21
Madison,Ohio,39097,23,3
Mahoning,Ohio,39099,375,31
Marion,Ohio,39101,49,0
Medina,Ohio,39103,107,7
Meigs,Ohio,39105,1,0
Mercer,Ohio,39107,12,1
Miami,Ohio,39109,116,15
Monroe,Ohio,39111,2,0
Montgomery,Ohio,39113,175,5
Morgan,Ohio,39115,2,0
Morrow,Ohio,39117,8,0
Muskingum,Ohio,39119,8,0
Noble,Ohio,39121,1,0
Ottawa,Ohio,39123,10,0
Paulding,Ohio,39125,3,0
Perry,Ohio,39127,8,0
Pickaway,Ohio,39129,51,0
Pike,Ohio,39131,1,0
Portage,Ohio,39133,134,14
Preble,Ohio,39135,11,1
Richland,Ohio,39139,34,1
Ross,Ohio,39141,13,0
Sandusky,Ohio,39143,10,2
Scioto,Ohio,39145,4,0
Seneca,Ohio,39147,8,1
Shelby,Ohio,39149,25,0
Stark,Ohio,39151,133,11
Summit,Ohio,39153,243,14
Trumbull,Ohio,39155,155,8
Tuscarawas,Ohio,39157,26,0
Union,Ohio,39159,10,0
Van Wert,Ohio,39161,2,0
Warren,Ohio,39165,74,0
Washington,Ohio,39167,36,1
Wayne,Ohio,39169,40,5
Williams,Ohio,39171,3,0
Wood,Ohio,39173,52,3
Wyandot,Ohio,39175,10,2
Adair,Oklahoma,40001,27,2
Atoka,Oklahoma,40005,1,0
Beaver,Oklahoma,40007,1,0
Beckham,Oklahoma,40009,1,0
Bryan,Oklahoma,40013,3,0
Caddo,Oklahoma,40015,9,0
Canadian,Oklahoma,40017,56,1
Carter,Oklahoma,40019,1,0
Cherokee,Oklahoma,40021,18,1
Choctaw,Oklahoma,40023,2,0
Cleveland,Oklahoma,40027,247,17
Comanche,Oklahoma,40031,49,0
Cotton,Oklahoma,40033,4,0
Craig,Oklahoma,40035,6,0
Creek,Oklahoma,40037,54,3
Custer,Oklahoma,40039,5,0
Delaware,Oklahoma,40041,24,0
Dewey,Oklahoma,40043,1,0
Garfield,Oklahoma,40047,6,1
Garvin,Oklahoma,40049,10,0
Grady,Oklahoma,40051,11,0
Grant,Oklahoma,40053,2,0
Greer,Oklahoma,40055,48,4
Jackson,Oklahoma,40065,7,0
Jefferson,Oklahoma,40067,1,0
Kay,Oklahoma,40071,42,3
Kingfisher,Oklahoma,40073,5,0
Kiowa,Oklahoma,40075,1,0
Latimer,Oklahoma,40077,4,1
Le Flore,Oklahoma,40079,3,0
Lincoln,Oklahoma,40081,11,0
Logan,Oklahoma,40083,7,0
Love,Oklahoma,40085,2,0
McClain,Oklahoma,40087,18,0
McCurtain,Oklahoma,40089,2,0
Major,Oklahoma,40093,1,0
Marshall,Oklahoma,40095,1,0
Mayes,Oklahoma,40097,13,2
Murray,Oklahoma,40099,1,0
Muskogee,Oklahoma,40101,21,2
Noble,Oklahoma,40103,6,0
Nowata,Oklahoma,40105,10,0
Okfuskee,Oklahoma,40107,1,0
Oklahoma,Oklahoma,40109,425,19
Okmulgee,Oklahoma,40111,13,0
Osage,Oklahoma,40113,45,7
Ottawa,Oklahoma,40115,16,0
Pawnee,Oklahoma,40117,26,2
Payne,Oklahoma,40119,28,0
Pittsburg,Oklahoma,40121,8,0
Pontotoc,Oklahoma,40123,9,0
Pottawatomie,Oklahoma,40125,25,2
Rogers,Oklahoma,40131,24,0
Seminole,Oklahoma,40133,6,1
Sequoyah,Oklahoma,40135,9,2
Stephens,Oklahoma,40137,13,1
Texas,Oklahoma,40139,3,0
Tillman,Oklahoma,40141,1,0
Tulsa,Oklahoma,40143,323,16
Wagoner,Oklahoma,40145,67,4
Washington,Oklahoma,40147,83,2
Woodward,Oklahoma,40153,1,0
Benton,Oregon,41003,22,2
Clackamas,Oregon,41005,121,3
Clatsop,Oregon,41007,6,0
Columbia,Oregon,41009,10,0
Coos,Oregon,41011,1,0
Crook,Oregon,41013,1,0
Curry,Oregon,41015,3,0
Deschutes,Oregon,41017,53,0
Douglas,Oregon,41019,12,0
Grant,Oregon,41023,1,0
Hood River,Oregon,41027,4,0
Jackson,Oregon,41029,44,0
Josephine,Oregon,41033,17,1
Klamath,Oregon,41035,25,0
Lane,Oregon,41039,35,1
Lincoln,Oregon,41041,4,0
Linn,Oregon,41043,51,4
Malheur,Oregon,41045,3,0
Marion,Oregon,41047,263,9
Morrow,Oregon,41049,5,0
Multnomah,Oregon,41051,343,18
Polk,Oregon,41053,30,1
Sherman,Oregon,41055,1,0
Tillamook,Oregon,41057,4,0
Umatilla,Oregon,41059,14,0
Union,Oregon,41061,4,0
Wallowa,Oregon,41063,1,0
Wasco,Oregon,41065,9,0
Washington,Oregon,41067,330,6
Yamhill,Oregon,41071,30,6
Adams,Pennsylvania,42001,44,1
Allegheny,Pennsylvania,42003,836,19
Armstrong,Pennsylvania,42005,26,1
Beaver,Pennsylvania,42007,143,13
Bedford,Pennsylvania,42009,5,1
Berks,Pennsylvania,42011,930,19
Blair,Pennsylvania,42013,10,0
Bradford,Pennsylvania,42015,18,0
Bucks,Pennsylvania,42017,1170,35
Butler,Pennsylvania,42019,128,3
Cambria,Pennsylvania,42021,13,1
Cameron,Pennsylvania,42023,1,0
Carbon,Pennsylvania,42025,98,3
Centre,Pennsylvania,42027,69,0
Chester,Pennsylvania,42029,532,15
Clarion,Pennsylvania,42031,15,0
Clearfield,Pennsylvania,42033,9,0
Clinton,Pennsylvania,42035,7,0
Columbia,Pennsylvania,42037,99,2
Crawford,Pennsylvania,42039,15,0
Cumberland,Pennsylvania,42041,105,3
Dauphin,Pennsylvania,42043,213,3
Delaware,Pennsylvania,42045,1510,39
Elk,Pennsylvania,42047,2,0
Erie,Pennsylvania,42049,39,1
Fayette,Pennsylvania,42051,50,3
Forest,Pennsylvania,42053,5,0
Franklin,Pennsylvania,42055,59,0
Fulton,Pennsylvania,42057,1,0
Greene,Pennsylvania,42059,23,0
Huntingdon,Pennsylvania,42061,10,0
Indiana,Pennsylvania,42063,40,0
Jefferson,Pennsylvania,42065,1,0
Juniata,Pennsylvania,42067,38,0
Lackawanna,Pennsylvania,42069,392,20
Lancaster,Pennsylvania,42071,698,23
Lawrence,Pennsylvania,42073,46,4
Lebanon,Pennsylvania,42075,232,1
Lehigh,Pennsylvania,42077,1620,16
Luzerne,Pennsylvania,42079,1372,17
Lycoming,Pennsylvania,42081,20,0
McKean,Pennsylvania,42083,2,0
Mercer,Pennsylvania,42085,38,0
Mifflin,Pennsylvania,42087,10,0
Monroe,Pennsylvania,42089,774,22
Montgomery,Pennsylvania,42091,2053,68
Montour,Pennsylvania,42093,29,0
Northampton,Pennsylvania,42095,1039,23
Northumberland,Pennsylvania,42097,31,0
Perry,Pennsylvania,42099,16,1
Philadelphia,Pennsylvania,42101,6022,130
Pike,Pennsylvania,42103,208,6
Potter,Pennsylvania,42105,4,0
Schuylkill,Pennsylvania,42107,179,2
Snyder,Pennsylvania,42109,16,1
Somerset,Pennsylvania,42111,10,0
Sullivan,Pennsylvania,42113,1,0
Susquehanna,Pennsylvania,42115,23,2
Tioga,Pennsylvania,42117,12,1
Union,Pennsylvania,42119,14,0
Venango,Pennsylvania,42121,6,0
Warren,Pennsylvania,42123,1,0
Washington,Pennsylvania,42125,66,0
Wayne,Pennsylvania,42127,57,1
Westmoreland,Pennsylvania,42129,218,12
Wyoming,Pennsylvania,42131,8,0
York,Pennsylvania,42133,293,3
Bristol,Rhode Island,44001,39,0
Kent,Rhode Island,44003,169,0
Newport,Rhode Island,44005,74,0
Providence,Rhode Island,44007,1278,20
Washington,Rhode Island,44009,116,0
Abbeville,South Carolina,45001,9,0
Aiken,South Carolina,45003,50,1
Allendale,South Carolina,45005,4,0
Anderson,South Carolina,45007,102,5
Bamberg,South Carolina,45009,7,0
Barnwell,South Carolina,45011,5,0
Beaufort,South Carolina,45013,191,6
Berkeley,South Carolina,45015,67,1
Calhoun,South Carolina,45017,6,1
Charleston,South Carolina,45019,331,1
Cherokee,South Carolina,45021,8,0
Chester,South Carolina,45023,18,0
Chesterfield,South Carolina,45025,22,0
Clarendon,South Carolina,45027,85,4
Colleton,South Carolina,45029,15,0
Darlington,South Carolina,45031,37,0
Dillon,South Carolina,45033,3,0
Dorchester,South Carolina,45035,67,1
Edgefield,South Carolina,45037,10,0
Fairfield,South Carolina,45039,21,0
Florence,South Carolina,45041,66,7
Georgetown,South Carolina,45043,32,1
Greenville,South Carolina,45045,325,7
Greenwood,South Carolina,45047,17,0
Hampton,South Carolina,45049,6,0
Horry,South Carolina,45051,132,7
Jasper,South Carolina,45053,11,0
Kershaw,South Carolina,45055,178,4
Lancaster,South Carolina,45057,62,0
Laurens,South Carolina,45059,13,1
Lee,South Carolina,45061,27,3
Lexington,South Carolina,45063,202,6
McCormick,South Carolina,45065,3,1
Marion,South Carolina,45067,6,1
Marlboro,South Carolina,45069,13,0
Newberry,South Carolina,45071,13,1
Oconee,South Carolina,45073,13,0
Orangeburg,South Carolina,45075,37,0
Pickens,South Carolina,45077,28,0
Richland,South Carolina,45079,479,10
Saluda,South Carolina,45081,6,0
Spartanburg,South Carolina,45083,170,4
Sumter,South Carolina,45085,146,4
Union,South Carolina,45087,22,0
Williamsburg,South Carolina,45089,15,0
York,South Carolina,45091,127,3
Aurora,South Dakota,46003,1,0
Beadle,South Dakota,46005,21,2
Bon Homme,South Dakota,46009,3,0
Brookings,South Dakota,46011,6,0
Brown,South Dakota,46013,14,0
Charles Mix,South Dakota,46023,3,0
Clark,South Dakota,46025,1,0
Clay,South Dakota,46027,6,0
Codington,South Dakota,46029,12,0
Corson,South Dakota,46031,1,0
Davison,South Dakota,46035,3,1
Deuel,South Dakota,46039,1,0
Fall River,South Dakota,46047,1,0
Faulk,South Dakota,46049,1,0
Hamlin,South Dakota,46057,1,0
Hughes,South Dakota,46065,4,0
Hutchinson,South Dakota,46067,2,0
Jerauld,South Dakota,46073,3,0
Lake,South Dakota,46079,2,0
Lawrence,South Dakota,46081,9,0
Lincoln,South Dakota,46083,39,0
Lyman,South Dakota,46085,2,0
McCook,South Dakota,46087,2,1
Marshall,South Dakota,46091,1,0
Meade,South Dakota,46093,1,0
Miner,South Dakota,46097,1,0
Minnehaha,South Dakota,46099,438,2
Oglala Lakota,South Dakota,46102,1,0
Pennington,South Dakota,46103,8,0
Roberts,South Dakota,46109,4,0
Sanborn,South Dakota,46111,1,0
Spink,South Dakota,46115,3,0
Todd,South Dakota,46121,1,0
Turner,South Dakota,46125,5,0
Union,South Dakota,46127,4,0
Yankton,South Dakota,46135,20,0
Anderson,Tennessee,47001,12,1
Bedford,Tennessee,47003,17,1
Benton,Tennessee,47005,4,0
Bledsoe,Tennessee,47007,3,0
Blount,Tennessee,47009,46,3
Bradley,Tennessee,47011,31,0
Campbell,Tennessee,47013,10,0
Cannon,Tennessee,47015,7,0
Carroll,Tennessee,47017,10,0
Carter,Tennessee,47019,3,0
Cheatham,Tennessee,47021,17,0
Chester,Tennessee,47023,6,0
Claiborne,Tennessee,47025,3,0
Clay,Tennessee,47027,2,0
Cocke,Tennessee,47029,3,0
Coffee,Tennessee,47031,11,0
Cumberland,Tennessee,47035,40,0
Davidson,Tennessee,47037,1256,13
Decatur,Tennessee,47039,1,0
DeKalb,Tennessee,47041,9,0
Dickson,Tennessee,47043,30,0
Dyer,Tennessee,47045,18,0
Fayette,Tennessee,47047,30,0
Fentress,Tennessee,47049,2,0
Franklin,Tennessee,47051,22,1
Gibson,Tennessee,47053,19,0
Giles,Tennessee,47055,3,0
Grainger,Tennessee,47057,4,0
Greene,Tennessee,47059,26,1
Grundy,Tennessee,47061,21,0
Hamblen,Tennessee,47063,4,1
Hamilton,Tennessee,47065,105,10
Hardeman,Tennessee,47069,7,0
Hardin,Tennessee,47071,2,0
Hawkins,Tennessee,47073,22,2
Haywood,Tennessee,47075,13,1
Henderson,Tennessee,47077,2,0
Henry,Tennessee,47079,6,0
Hickman,Tennessee,47081,2,0
Houston,Tennessee,47083,3,0
Humphreys,Tennessee,47085,4,0
Jackson,Tennessee,47087,5,0
Jefferson,Tennessee,47089,14,0
Johnson,Tennessee,47091,2,0
Knox,Tennessee,47093,169,4
Lauderdale,Tennessee,47097,8,0
Lawrence,Tennessee,47099,12,0
Lewis,Tennessee,47101,2,0
Lincoln,Tennessee,47103,8,0
Loudon,Tennessee,47105,16,0
McMinn,Tennessee,47107,4,0
McNairy,Tennessee,47109,9,0
Macon,Tennessee,47111,25,2
Madison,Tennessee,47113,56,0
Marion,Tennessee,47115,24,1
Marshall,Tennessee,47117,9,1
Maury,Tennessee,47119,32,1
Meigs,Tennessee,47121,3,0
Monroe,Tennessee,47123,8,0
Montgomery,Tennessee,47125,88,2
Morgan,Tennessee,47129,5,0
Obion,Tennessee,47131,7,1
Overton,Tennessee,47133,5,0
Perry,Tennessee,47135,3,0
Polk,Tennessee,47139,4,0
Putnam,Tennessee,47141,85,0
Roane,Tennessee,47145,5,0
Robertson,Tennessee,47147,81,0
Rutherford,Tennessee,47149,235,6
Scott,Tennessee,47151,8,0
Sequatchie,Tennessee,47153,1,0
Sevier,Tennessee,47155,21,0
Shelby,Tennessee,47157,1147,26
Smith,Tennessee,47159,7,0
Stewart,Tennessee,47161,4,0
Sullivan,Tennessee,47163,37,1
Sumner,Tennessee,47165,435,22
Tipton,Tennessee,47167,44,0
Trousdale,Tennessee,47169,17,1
Unicoi,Tennessee,47171,1,0
Union,Tennessee,47173,3,0
Warren,Tennessee,47177,4,0
Washington,Tennessee,47179,37,0
Wayne,Tennessee,47181,2,0
Weakley,Tennessee,47183,5,0
White,Tennessee,47185,3,0
Williamson,Tennessee,47187,312,4
Wilson,Tennessee,47189,135,1
Anderson,Texas,48001,3,0
Andrews,Texas,48003,11,0
Angelina,Texas,48005,16,0
Aransas,Texas,48007,2,0
Atascosa,Texas,48013,8,0
Austin,Texas,48015,8,0
Bandera,Texas,48019,2,0
Bastrop,Texas,48021,27,1
Bee,Texas,48025,2,0
Bell,Texas,48027,91,3
Bexar,Texas,48029,723,24
Blanco,Texas,48031,4,0
Bowie,Texas,48037,35,5
Brazoria,Texas,48039,225,2
Brazos,Texas,48041,134,10
Brown,Texas,48049,10,0
Burleson,Texas,48051,6,0
Burnet,Texas,48053,6,0
Caldwell,Texas,48055,6,0
Calhoun,Texas,48057,14,0
Callahan,Texas,48059,1,0
Cameron,Texas,48061,159,3
Camp,Texas,48063,3,0
Cass,Texas,48067,5,2
Castro,Texas,48069,10,1
Chambers,Texas,48071,29,0
Cherokee,Texas,48073,6,0
Clay,Texas,48077,3,0
Collin,Texas,48085,441,7
Colorado,Texas,48089,7,0
Comal,Texas,48091,37,4
Comanche,Texas,48093,3,0
Concho,Texas,48095,1,0
Cooke,Texas,48097,1,0
Coryell,Texas,48099,34,0
Crane,Texas,48103,2,0
Crosby,Texas,48107,1,0
Dallam,Texas,48111,1,0
Dallas,Texas,48113,1648,27
Dawson,Texas,48115,6,1
Deaf Smith,Texas,48117,7,0
Delta,Texas,48119,1,0
Denton,Texas,48121,454,10
DeWitt,Texas,48123,9,0
Dickens,Texas,48125,2,0
Dimmit,Texas,48127,1,0
Donley,Texas,48129,23,0
Eastland,Texas,48133,3,0
Ector,Texas,48135,41,1
Ellis,Texas,48139,71,2
El Paso,Texas,48141,269,2
Erath,Texas,48143,12,1
Falls,Texas,48145,1,0
Fannin,Texas,48147,5,0
Fayette,Texas,48149,17,0
Floyd,Texas,48153,1,0
Fort Bend,Texas,48157,518,11
Franklin,Texas,48159,1,0
Frio,Texas,48163,1,0
Gaines,Texas,48165,1,0
Galveston,Texas,48167,355,8
Gillespie,Texas,48171,2,0
Goliad,Texas,48175,4,0
Gonzales,Texas,48177,2,0
Gray,Texas,48179,13,0
Grayson,Texas,48181,17,0
Gregg,Texas,48183,39,0
Grimes,Texas,48185,6,0
Guadalupe,Texas,48187,47,0
Hale,Texas,48189,11,2
Hamilton,Texas,48193,2,0
Hansford,Texas,48195,1,0
Hardin,Texas,48199,57,2
Harris,Texas,48201,3561,41
Harrison,Texas,48203,12,1
Hays,Texas,48209,82,0
Hemphill,Texas,48211,1,0
Henderson,Texas,48213,10,0
Hidalgo,Texas,48215,188,1
Hill,Texas,48217,8,0
Hockley,Texas,48219,13,1
Hood,Texas,48221,16,1
Hopkins,Texas,48223,4,0
Howard,Texas,48227,1,1
Hunt,Texas,48231,16,0
Hutchinson,Texas,48233,2,0
Jack,Texas,48237,1,0
Jackson,Texas,48239,4,0
Jasper,Texas,48241,7,1
Jefferson,Texas,48245,100,5
Jim Wells,Texas,48249,2,0
Johnson,Texas,48251,32,0
Jones,Texas,48253,2,0
Karnes,Texas,48255,2,0
Kaufman,Texas,48257,26,0
Kendall,Texas,48259,10,0
Kerr,Texas,48265,2,0
Kleberg,Texas,48273,2,0
Knox,Texas,48275,1,0
Lamar,Texas,48277,8,0
Lamb,Texas,48279,1,0
Lampasas,Texas,48281,3,0
Lavaca,Texas,48285,4,0
Lee,Texas,48287,2,0
Leon,Texas,48289,3,0
Liberty,Texas,48291,17,0
Limestone,Texas,48293,11,1
Live Oak,Texas,48297,3,0
Llano,Texas,48299,3,0
Lubbock,Texas,48303,270,13
Lynn,Texas,48305,5,0
McCulloch,Texas,48307,3,0
McLennan,Texas,48309,69,2
Madison,Texas,48313,1,0
Martin,Texas,48317,2,0
Mason,Texas,48319,1,0
Matagorda,Texas,48321,49,3
Maverick,Texas,48323,9,0
Medina,Texas,48325,12,1
Midland,Texas,48329,31,1
Milam,Texas,48331,7,0
Mitchell,Texas,48335,1,0
Montague,Texas,48337,2,0
Montgomery,Texas,48339,245,4
Moore,Texas,48341,21,0
Morris,Texas,48343,3,0
Nacogdoches,Texas,48347,30,2
Navarro,Texas,48349,12,2
Newton,Texas,48351,2,0
Nueces,Texas,48355,72,0
Oldham,Texas,48359,3,1
Orange,Texas,48361,33,0
Palo Pinto,Texas,48363,4,1
Panola,Texas,48365,10,1
Parker,Texas,48367,13,0
Pecos,Texas,48371,1,0
Polk,Texas,48373,9,0
Potter,Texas,48375,66,2
Rains,Texas,48379,1,0
Randall,Texas,48381,60,2
Robertson,Texas,48395,2,0
Rockwall,Texas,48397,24,0
Rusk,Texas,48401,14,0
Sabine,Texas,48403,1,0
San Augustine,Texas,48405,9,1
San Jacinto,Texas,48407,5,0
San Patricio,Texas,48409,7,0
Scurry,Texas,48415,2,0
Shelby,Texas,48419,34,0
Smith,Texas,48423,93,2
Starr,Texas,48427,7,0
Stephens,Texas,48429,1,0
Swisher,Texas,48437,3,0
Tarrant,Texas,48439,705,21
Taylor,Texas,48441,55,1
Terry,Texas,48445,6,0
Titus,Texas,48449,6,0
Tom Green,Texas,48451,33,1
Travis,Texas,48453,690,9
Trinity,Texas,48455,3,0
Tyler,Texas,48457,4,0
Upshur,Texas,48459,6,0
Uvalde,Texas,48463,7,0
Val Verde,Texas,48465,12,0
Van Zandt,Texas,48467,10,1
Victoria,Texas,48469,76,0
Walker,Texas,48471,18,0
Waller,Texas,48473,14,0
Washington,Texas,48477,36,1
Webb,Texas,48479,171,6
Wharton,Texas,48481,26,0
Wichita,Texas,48485,54,0
Willacy,Texas,48489,5,1
Williamson,Texas,48491,110,4
Wilson,Texas,48493,10,0
Winkler,Texas,48495,1,0
Wise,Texas,48497,5,0
Wood,Texas,48499,5,0
Young,Texas,48503,3,0
Zapata,Texas,48505,3,0
Box Elder,Utah,49003,12,0
Cache,Utah,49005,30,0
Carbon,Utah,49007,2,0
Davis,Utah,49011,193,2
Duchesne,Utah,49013,3,0
Emery,Utah,49015,2,0
Garfield,Utah,49017,1,0
Grand,Utah,49019,1,0
Iron,Utah,49021,13,0
Juab,Utah,49023,2,0
Kane,Utah,49025,3,0
Millard,Utah,49027,4,0
Morgan,Utah,49029,6,0
Salt Lake,Utah,49035,1071,7
San Juan,Utah,49037,8,0
Summit,Utah,49043,300,0
Tooele,Utah,49045,31,0
Uintah,Utah,49047,5,0
Utah,Utah,49049,295,0
Wasatch,Utah,49051,98,1
Washington,Utah,49053,35,0
Weber,Utah,49057,84,1
Addison,Vermont,50001,54,0
Bennington,Vermont,50003,31,1
Caledonia,Vermont,50005,8,0
Chittenden,Vermont,50007,351,16
Essex,Vermont,50009,1,0
Franklin,Vermont,50011,80,3
Grand Isle,Vermont,50013,3,0
Lamoille,Vermont,50015,21,2
Orange,Vermont,50017,5,0
Orleans,Vermont,50019,8,0
Rutland,Vermont,50021,35,0
Washington,Vermont,50023,28,0
Windham,Vermont,50025,50,1
Windsor,Vermont,50027,25,2
Accomack,Virginia,51001,15,0
Albemarle,Virginia,51003,46,0
Alleghany,Virginia,51005,4,0
Amelia,Virginia,51007,9,0
Amherst,Virginia,51009,10,0
Appomattox,Virginia,51011,7,0
Arlington,Virginia,51013,349,2
Augusta,Virginia,51015,17,0
Bedford,Virginia,51019,15,0
Botetourt,Virginia,51023,22,0
Brunswick,Virginia,51025,3,0
Buchanan,Virginia,51027,2,0
Buckingham,Virginia,51029,14,0
Campbell,Virginia,51031,9,0
Caroline,Virginia,51033,6,0
Carroll,Virginia,51035,3,0
Charles City,Virginia,51036,8,0
Charlotte,Virginia,51037,2,0
Chesterfield,Virginia,51041,203,0
Clarke,Virginia,51043,3,0
Craig,Virginia,51045,2,0
Culpeper,Virginia,51047,17,0
Cumberland,Virginia,51049,8,0
Dinwiddie,Virginia,51053,6,0
Fairfax,Virginia,51059,946,16
Fauquier,Virginia,51061,25,0
Floyd,Virginia,51063,1,0
Fluvanna,Virginia,51065,19,0
Franklin,Virginia,51067,14,0
Frederick,Virginia,51069,63,0
Giles,Virginia,51071,2,0
Gloucester,Virginia,51073,20,0
Goochland,Virginia,51075,26,0
Greene,Virginia,51079,4,0
Greensville,Virginia,51081,8,0
Halifax,Virginia,51083,7,0
Hanover,Virginia,51085,38,0
Henrico,Virginia,51087,368,35
Henry,Virginia,51089,8,0
Isle of Wight,Virginia,51093,28,0
James City,Virginia,51095,126,3
King and Queen,Virginia,51097,2,0
King George,Virginia,51099,13,0
King William,Virginia,51101,2,0
Lancaster,Virginia,51103,1,0
Lee,Virginia,51105,6,0
Loudoun,Virginia,51107,296,0
Louisa,Virginia,51109,25,0
Lunenburg,Virginia,51111,3,0
Madison,Virginia,51113,6,0
Mathews,Virginia,51115,2,0
Mecklenburg,Virginia,51117,53,0
Middlesex,Virginia,51119,3,0
Montgomery,Virginia,51121,31,0
Nelson,Virginia,51125,4,0
New Kent,Virginia,51127,12,0
Northampton,Virginia,51131,4,0
Northumberland,Virginia,51133,4,0
Nottoway,Virginia,51135,4,0
Orange,Virginia,51137,13,0
Page,Virginia,51139,6,0
Pittsylvania,Virginia,51143,4,0
Powhatan,Virginia,51145,5,0
Prince Edward,Virginia,51147,8,1
Prince George,Virginia,51149,26,0
Prince William,Virginia,51153,390,1
Pulaski,Virginia,51155,4,0
Rappahannock,Virginia,51157,1,0
Richmond,Virginia,51159,5,0
Roanoke,Virginia,51161,13,0
Rockbridge,Virginia,51163,3,0
Rockingham,Virginia,51165,44,0
Russell,Virginia,51167,1,0
Scott,Virginia,51169,3,0
Shenandoah,Virginia,51171,16,1
Smyth,Virginia,51173,9,0
Southampton,Virginia,51175,5,0
Spotsylvania,Virginia,51177,47,0
Stafford,Virginia,51179,67,0
Surry,Virginia,51181,3,0
Sussex,Virginia,51183,8,0
Tazewell,Virginia,51185,4,0
Warren,Virginia,51187,15,0
Washington,Virginia,51191,24,0
Westmoreland,Virginia,51193,8,0
Wise,Virginia,51195,8,1
Wythe,Virginia,51197,7,0
York,Virginia,51199,27,1
Alexandria city,Virginia,51510,188,1
Bristol city,Virginia,51520,1,0
Buena Vista city,Virginia,51530,4,0
Charlottesville city,Virginia,51540,31,1
Chesapeake city,Virginia,51550,115,1
Colonial Heights city,Virginia,51570,6,0
Covington city,Virginia,51580,1,0
Danville city,Virginia,51590,20,0
Emporia city,Virginia,51595,7,0
Fairfax city,Virginia,51600,1,0
Franklin city,Virginia,51620,6,0
Fredericksburg city,Virginia,51630,11,0
Galax city,Virginia,51640,1,0
Hampton city,Virginia,51650,64,1
Harrisonburg city,Virginia,51660,79,0
Hopewell city,Virginia,51670,14,0
Lexington city,Virginia,51678,3,0
Lynchburg city,Virginia,51680,31,0
Manassas city,Virginia,51683,34,0
Manassas Park city,Virginia,51685,10,0
Newport News city,Virginia,51700,75,1
Norfolk city,Virginia,51710,90,1
Petersburg city,Virginia,51730,17,0
Poquoson city,Virginia,51735,6,0
Portsmouth city,Virginia,51740,49,1
Radford city,Virginia,51750,1,0
Richmond city,Virginia,51760,148,2
Roanoke city,Virginia,51770,17,0
Salem city,Virginia,51775,1,0
Staunton city,Virginia,51790,1,0
Suffolk city,Virginia,51800,40,0
Virginia Beach city,Virginia,51810,236,1
Waynesboro city,Virginia,51820,5,0
Williamsburg city,Virginia,51830,17,1
Winchester city,Virginia,51840,19,0
Adams,Washington,53001,36,0
Asotin,Washington,53003,5,0
Benton,Washington,53005,246,26
Chelan,Washington,53007,54,6
Clallam,Washington,53009,12,0
Clark,Washington,53011,220,14
Columbia,Washington,53013,1,0
Cowlitz,Washington,53015,23,0
Douglas,Washington,53017,16,0
Ferry,Washington,53019,1,0
Franklin,Washington,53021,112,2
Grant,Washington,53025,111,2
Grays Harbor,Washington,53027,11,0
Island,Washington,53029,157,7
Jefferson,Washington,53031,28,0
King,Washington,53033,4264,286
Kitsap,Washington,53035,132,1
Kittitas,Washington,53037,15,0
Klickitat,Washington,53039,12,1
Lewis,Washington,53041,18,2
Lincoln,Washington,53043,2,0
Mason,Washington,53045,19,0
Okanogan,Washington,53047,14,0
Pacific,Washington,53049,1,0
Pend Oreille,Washington,53051,1,0
Pierce,Washington,53053,928,19
San Juan,Washington,53055,13,0
Skagit,Washington,53057,187,6
Skamania,Washington,53059,3,0
Snohomish,Washington,53061,1834,67
Spokane,Washington,53063,255,14
Stevens,Washington,53065,6,0
Thurston,Washington,53067,81,1
Wahkiakum,Washington,53069,2,0
Walla Walla,Washington,53071,21,0
Whatcom,Washington,53073,252,23
Whitman,Washington,53075,13,0
Yakima,Washington,53077,535,21
Barbour,West Virginia,54001,4,0
Berkeley,West Virginia,54003,91,0
Boone,West Virginia,54005,1,0
Braxton,West Virginia,54007,1,0
Brooke,West Virginia,54009,3,0
Cabell,West Virginia,54011,22,0
Fayette,West Virginia,54019,2,0
Greenbrier,West Virginia,54025,3,0
Hampshire,West Virginia,54027,4,0
Hancock,West Virginia,54029,7,0
Hardy,West Virginia,54031,2,0
Harrison,West Virginia,54033,28,1
Jackson,West Virginia,54035,23,1
Jefferson,West Virginia,54037,48,0
Kanawha,West Virginia,54039,83,0
Lewis,West Virginia,54041,2,0
Logan,West Virginia,54045,8,0
McDowell,West Virginia,54047,5,0
Marion,West Virginia,54049,32,1
Marshall,West Virginia,54051,6,0
Mason,West Virginia,54053,8,0
Mercer,West Virginia,54055,8,0
Mineral,West Virginia,54057,4,0
Monongalia,West Virginia,54061,83,3
Monroe,West Virginia,54063,1,0
Morgan,West Virginia,54065,6,0
Nicholas,West Virginia,54067,2,0
Ohio,West Virginia,54069,21,0
Pendleton,West Virginia,54071,1,0
Pleasants,West Virginia,54073,1,0
Preston,West Virginia,54077,6,0
Putnam,West Virginia,54079,11,0
Raleigh,West Virginia,54081,5,0
Randolph,West Virginia,54083,4,0
Roane,West Virginia,54087,2,0
Summers,West Virginia,54089,1,0
Taylor,West Virginia,54091,3,0
Tucker,West Virginia,54093,4,0
Tyler,West Virginia,54095,3,0
Upshur,West Virginia,54097,3,0
Wayne,West Virginia,54099,17,0
Wetzel,West Virginia,54103,3,0
Wirt,West Virginia,54105,2,0
Wood,West Virginia,54107,18,0
Wyoming,West Virginia,54109,1,0
Adams,Wisconsin,55001,2,0
Ashland,Wisconsin,55003,1,0
Barron,Wisconsin,55005,6,0
Bayfield,Wisconsin,55007,3,0
Brown,Wisconsin,55009,60,1
Buffalo,Wisconsin,55011,3,1
Calumet,Wisconsin,55015,4,0
Chippewa,Wisconsin,55017,18,0
Clark,Wisconsin,55019,7,0
Columbia,Wisconsin,55021,24,1
Crawford,Wisconsin,55023,3,0
Dane,Wisconsin,55025,327,12
Dodge,Wisconsin,55027,18,0
Door,Wisconsin,55029,9,0
Douglas,Wisconsin,55031,7,0
Dunn,Wisconsin,55033,9,0
Eau Claire,Wisconsin,55035,21,0
Florence,Wisconsin,55037,2,0
Fond du Lac,Wisconsin,55039,52,2
Grant,Wisconsin,55043,5,1
Green,Wisconsin,55045,9,0
Iowa,Wisconsin,55049,4,0
Iron,Wisconsin,55051,2,1
Jackson,Wisconsin,55053,10,0
Jefferson,Wisconsin,55055,22,0
Juneau,Wisconsin,55057,5,0
Kenosha,Wisconsin,55059,163,1
Kewaunee,Wisconsin,55061,1,0
La Crosse,Wisconsin,55063,25,0
Lafayette,Wisconsin,55065,3,0
Manitowoc,Wisconsin,55071,3,0
Marathon,Wisconsin,55073,13,1
Marinette,Wisconsin,55075,3,0
Marquette,Wisconsin,55077,2,0
Menominee,Wisconsin,55078,1,0
Milwaukee,Wisconsin,55079,1653,85
Monroe,Wisconsin,55081,8,0
Oconto,Wisconsin,55083,3,0
Oneida,Wisconsin,55085,5,0
Outagamie,Wisconsin,55087,29,2
Ozaukee,Wisconsin,55089,72,12
Pierce,Wisconsin,55093,7,0
Polk,Wisconsin,55095,1,0
Portage,Wisconsin,55097,4,0
Price,Wisconsin,55099,1,0
Racine,Wisconsin,55101,105,3
Richland,Wisconsin,55103,5,0
Rock,Wisconsin,55105,53,3
Rusk,Wisconsin,55107,3,0
St. Croix,Wisconsin,55109,8,0
Sauk,Wisconsin,55111,25,2
Sawyer,Wisconsin,55113,1,0
Shawano,Wisconsin,55115,5,0
Sheboygan,Wisconsin,55117,34,2
Trempealeau,Wisconsin,55121,1,0
Vilas,Wisconsin,55125,4,0
Walworth,Wisconsin,55127,35,0
Washington,Wisconsin,55131,71,3
Waukesha,Wisconsin,55133,201,6
Waupaca,Wisconsin,55135,3,1
Waushara,Wisconsin,55137,2,0
Winnebago,Wisconsin,55139,25,1
Wood,Wisconsin,55141,2,0
Albany,Wyoming,56001,5,0
Campbell,Wyoming,56005,11,0
Carbon,Wyoming,56007,4,0
Converse,Wyoming,56009,6,0
Crook,Wyoming,56011,3,0
Fremont,Wyoming,56013,39,0
Goshen,Wyoming,56015,3,0
Hot Springs,Wyoming,56017,2,0
Johnson,Wyoming,56019,10,0
Laramie,Wyoming,56021,58,0
Lincoln,Wyoming,56023,5,0
Natrona,Wyoming,56025,32,0
Niobrara,Wyoming,56027,1,0
Park,Wyoming,56029,1,0
Sheridan,Wyoming,56033,12,0
Sublette,Wyoming,56035,1,0
Sweetwater,Wyoming,56037,7,0
Teton,Wyoming,56039,53,0
Uinta,Wyoming,56041,4,0
Washakie,Wyoming,56043,4,0
